nome_uasg;municipio-uf;n
INSTITUTO FEDERAL DE EDUC.CIENC.E TEC.DE SC;FLORIANOPOLIS / SC;40
FUNDACAO UNIVERSIDADE FEDERAL DO PIAUI;TERESINA / PI;31
SUPERINTENDÊNCIA DE ADMINISTRAÇÃO DO MF - SP;SAO PAULO / SP;30
DEPARTAMENTO DE ADMINISTRACAO DA ABIN/GSI/PR;BRASILIA / DF;25
JUSTICA FEDERAL DE 1A. INSTANCIA-MT;CUIABA / MT;17
SUPERINT. DE ADMINISTRACAO EM SAO PAULO;SAO PAULO / SP;17
DISTRITO SANIT.ESP.INDÍGENA GUAMA TOCANTINS;BELEM / PA;16
MEC-UNIVERSIDADE FEDERAL DE SAO PAULO/SP;SAO PAULO / SP;14
CENTRO DE INTEND.DA MARINHA EM RIO GRANDE;RIO GRANDE / RS;12
DIST.SANIT.ESP.INDÍGENA MATO GROSSO DO SUL;CAMPO GRANDE / MS;12
UNIVERSIDADE FEDERAL DA BAHIA-UF/BA;SALVADOR / BA;12
UNIVERSIDADE FEDERAL/RR;BOA VISTA / RR;12
COMANDO 6 REGIAO MILITAR;SALVADOR / BA;11
MEC-UFRRJ-UNIV.FED.RURAL DO R.DE JANEIRO/RJ;SEROPEDICA / RJ;11
BASE AEREA DE SAO PAULO;GUARULHOS / SP;10
COMANDO 10 REGIAO MILITAR/MEX - CE;FORTALEZA / CE;10
COMANDO DA 11A. REGIAO MILITAR-MEX/DF;BRASILIA / DF;10
DELEGACIA DA REC.FEDERAL EM MANAUS/AM;MANAUS / AM;10
DIST. SANIT. ESP. INDIGENA MANAUS;MANAUS / AM;10
INST FED.EDUC.CIENC.TEC.RJ/CAMPUS NILOPOLIS;NILOPOLIS / RJ;10
SUPERINT. DE ADMINISTRACAO NO RIO DE JANEIRO;RIO DE JANEIRO / RJ;10
UNIVERSIDADE FEDERAL DE VICOSA;VICOSA / MG;10
ARQUIVO NACIONAL;RIO DE JANEIRO / RJ; 9
BASE AÉREA DE NATAL;PARNAMIRIM / RN; 9
DISTRITO SANIT. ESP. INDÍGENA - TAPAJOS;ITAITUBA / PA; 9
MF-CVM-COMISSAO DE VALORES MOBILIARIOS/RJ;RIO DE JANEIRO / RJ; 9
MUSEU PARAENSE EMILIO GOELDI;BELEM / PA; 9
NUCLEO DO HOSPITAL DE FORÇA AEREA DE S.PAULO;SAO PAULO / SP; 9
RESTAURANTE CENTRAL DA UFES;VITORIA / ES; 9
SECRETARIA DE ESTADO DE ADMINISTRAçãO/PA;BELEM / PA; 9
UNIVERSIDADE FEDERAL DE PERNAMBUCO;RECIFE / PE; 9
CAPITANIA DOS PORTOS DO ESTADO DO PARANA;PARANAGUA / PR; 8
DELEGACIA DA REC.FEDERAL EM P.ALEGRE/RS;PORTO ALEGRE / RS; 8
EMBRAPA/CNPUV;BENTO GONCALVES / RS; 8
FUNDAÇÃO DE ATENDIMENTO SOCIOEDUCATIVO DO PA;BELEM / PA; 8
GOVERNO DO ESTADO DO CEARA;FORTALEZA / CE; 8
INST.FED.DA PARAIBA/CAMPUS SOUSA;SOUSA / PB; 8
INST.FED.DE EDUC.,CIENC.E TEC.DO R.G.DO NORTE;NATAL / RN; 8
INST.FED.DE RONDONIA/CAMPUS COLORADO DO OESTE;COLORADO DO OESTE / RO; 8
INVENTARIANCA DA EXTINTA REDE FERROVIARIA SA;RIO DE JANEIRO / RJ; 8
JUSTICA FEDERAL DE 1A. INSTANCIA - RJ;RIO DE JANEIRO / RJ; 8
MEC/UNIVERSIDADE FEDERAL DE JUIZ DE FORA;JUIZ DE FORA / MG; 8
PREFEITURA MUNICIPAL DE JI-PARANÁ;JI-PARANA / RO; 8
3 BATALHAO DE ENGENHARIA DE COMBATE/RS;CACHOEIRA DO SUL / RS; 7
COMANDO DA 17 BRIG.DE INFANTARIA DE SELVA/RO;PORTO VELHO / RO; 7
DELEG.REG. DO TRAB/PARANA;CURITIBA / PR; 7
DIVISAO DE ORIENTACAO ALIMENTAR DA UFF;NITEROI / RJ; 7
FUNDACAO NACIONAL DE SAUDE - PA;BELEM / PA; 7
INST.FED.DE EDUC.,CIENC.E TEC.FLUMINENSE;CAMPOS DOS GOITACAZES / RJ; 7
JUSTICA FEDERAL DE 1A. INSTANCIA/RR;BOA VISTA / RR; 7
MAER - CENTRO DE INSTR.E ADAPTACAO DA AER/MG;LAGOA SANTA / MG; 7
MAER-BASE AEREA DO GALEAO/RJ;RIO DE JANEIRO / RJ; 7
MAER-GRUPAMENTO DE APOIO/RJ;RIO DE JANEIRO / RJ; 7
MEC-FUNDACAO UNIVERSIDADE DE RONDONIA/RO;PORTO VELHO / RO; 7
MEC-IBC-INSTITUTO BENJAMIM CONSTANT/RJ;RIO DE JANEIRO / RJ; 7
MEC-INES-INST.NAC.DE EDUCACAO DE SURDOS/RJ;RIO DE JANEIRO / RJ; 7
MIN - DEPARTAMENTO DE GESTãO INTERNA;BRASILIA / DF; 7
NAVIO AERÓDROMO SÃO PAULO;RIO DE JANEIRO / RJ; 7
STF/SUPREMO TRIBUNAL FEDERAL/DF;BRASILIA / DF; 7
SUPERINTENDÊNCIA DE ADMINISTRAÇÃO DO MF - GO;GOIANIA / GO; 7
SUPERINTENDÊNCIA DE ADMINISTRAÇÃO DO MF - RS;PORTO ALEGRE / RS; 7
ALFANDEGA CL.B NO PORTO DE BELEM/PA;BELEM / PA; 6
CENTRO DE CIENCIAS E TECNOLOGIA AGROALIMENTAR;POMBAL / PB; 6
CENTRO DE CIENCIAS JURIDICAS E SOCIAIS;SOUSA / PB; 6
COMANDO 5 REGIAO MILITAR;CURITIBA / PR; 6
COMISSAO DE AEROPORTOS DA REGIAO AMAZONICA;BELEM / PA; 6
COMISSAO EXEC.DA LAVOURA CACAUEIRA;BELEM / PA; 6
COORDENAÇÃO REGIONAL DO TAPAJÓS - PA;ITAITUBA / PA; 6
COORDENAÇÃO REGIONAL MÉDIO PURUS;LABREA / AM; 6
DEPART.NACIONAL DE INFRA-ESTR. DE TRANSPORTE;CAMPO GRANDE / MS; 6
EMBRAPA/CNPMS;SETE LAGOAS / MG; 6
EMBRAPA/CPATC;ARACAJU / SE; 6
ESCOLA DE APRENDIZES-MARINHEIROS DO ES;VITORIA / ES; 6
FUNDACAO UNIVERS.FEDERAL/MS;CAMPO GRANDE / MS; 6
FUNDAÇÃO UNIVERSIDADE FEDERAL DO ABC;SANTO ANDRE / SP; 6
HOSPITAL UNIVERSIT.ANTONIO PEDRO DA UFF/RJ;NITEROI / RJ; 6
INST.FED.BAINO/CAMPOS SENHOR DO BOMFIM;SENHOR DO BONFIM / BA; 6
INST.FED.DE EDUC.,CIENC.E TEC.DA BAHIA;SALVADOR / BA; 6
INSTIT.NAC.DE PESQ.ESPACIAIS-S.J.CAMPOS - MCT;SAO JOSE DOS CAMPOS / SP; 6
JUSTICA FEDERAL DE 1A. INSTANCIA - PR;CURITIBA / PR; 6
JUSTICA FEDERAL DE 1A. INSTANCIA/AM;MANAUS / AM; 6
MS-FNS-FUNDACAO NACIONAL DE SAUDE/MT;CUIABA / MT; 6
PARQUE DE MATERIAL AERONAUTICO DE SAO PAULO;SAO PAULO / SP; 6
SECRETARIA DE ADMINISTRAÇÃO;BRASILIA / DF; 6
SUPERINT. DE ADMINISTRACAO EM PERNAMBUCO;RECIFE / PE; 6
SUPERINTENDÊNCIA DE ADMINISTRAÇÃO DO MF - BA;SALVADOR / BA; 6
TRIBUNAL REGIONAL DO TRABALHO DA 8A.REGIAO;BELEM / PA; 6
UNIVERSIDADE FEDERAL DO PARANA;CURITIBA / PR; 6
VALEC-ENGENHARIA,CONSTRUCOES E FERROVIAS S/A;BRASILIA / DF; 6
3º CENTRO REGIONAL DE SAÚDE;CASTANHAL / PA; 5
7 BATALHAO DE ENGENHARIA DE COMBATE;NATAL / RN; 5
CAPIT FLUV PORTOS RIO PARANA EM FOZ DO IGUACU;CURITIBA / PR; 5
CENTRO DE FORMACAO DE PROFESSORES;CAJAZEIRAS / PB; 5
CENTRO DE INTENDENCIA DA MARINHA EM NATAL;NATAL / RN; 5
CENTRO DE OBTENCAO DA MARINHA/RJ;RIO DE JANEIRO / RJ; 5
CIA, DE ENTREPOSTOS E ARMAZENS GER. DE SP;SAO PAULO / SP; 5
COMANDO 7 REGIAO MILITAR/7 DIV DE EXERCITO;RECIFE / PE; 5
COMANDO DA 9A. REGIAO MILITAR/MS;CAMPO GRANDE / MS; 5
CONAB-SEDE SUREG/SP;SAO PAULO / SP; 5
CONSELHO NACIONAL DE JUSTICA;BRASILIA / DF; 5
COORDENACAO REGIONAL ARAGUAIA TOCANTINS;PALMAS / TO; 5
COORDENAÇÃO REGIONAL DO BAIXO TOCANTIS;MARABA / PA; 5
DELEG.REG. DO TRAB/RIO DE JANEIRO;RIO DE JANEIRO / RJ; 5
DELEGACIA DA REC. FEDERAL EM VITORIA/ES;VITORIA / ES; 5
DELEGACIA DA REC.FEDERAL EM STO ANGELO/RS;SANTO ANGELO / RS; 5
DEPOSITO DE SUBSISTENCIA SANTA MARIA/RS;SANTA MARIA / RS; 5
DISTRITO SANIT.ESP.INDÍGENA - CEARA;FORTALEZA / CE; 5
DRF-DELEGACIA DA RECEITA FEDERAL C.GRANDE/MS;CAMPO GRANDE / MS; 5
DRT/DELEGACIA REGIONAL DO TRABALHO/RS;PORTO ALEGRE / RS; 5
EMBRAPA/CPAA;MANAUS / AM; 5
EMBRAPA/CPAF-RORAIMA;BOA VISTA / RR; 5
EMPRESA BRASIL DE COMUNICAÇÃO;BRASILIA / DF; 5
ESCOLA DE APERFEICOAMENTO DE SARGENTOS;CRUZ ALTA / RS; 5
FUNDACAO NACIONAL DE SAUDE - MG;BELO HORIZONTE / MG; 5
FUNDACAO NACIONAL DE SAUDE - PE;RECIFE / PE; 5
FUNDACAO NACIONAL DE SAUDE - PI;TERESINA / PI; 5
FUNDACAO NACIONAL DE SAUDE/AP;MACAPA / AP; 5
FUNDACAO NACIONAL DE SAUDE/MS;CAMPO GRANDE / MS; 5
FUNDACAO NACIONAL DE SAUDE/RJ;RIO DE JANEIRO / RJ; 5
FUNDACAO OSWALDO CRUZ/RJ;RIO DE JANEIRO / RJ; 5
FUNDAÇÃO UNIVERSIDADE DE BRASÍLIA - FUB;BRASILIA / DF; 5
GERENCIA ESTADUAL DO MINIST. DA SAUDE/CE;FORTALEZA / CE; 5
GERENCIA ESTADUAL DO MINISTERIO DA SAUDE/AM;MANAUS / AM; 5
GERÊNCIA EXECUTIVA CAMPO GRANDE/MS;CAMPO GRANDE / MS; 5
HOSPITAL GERAL DE FORTALEZA/MEX - CE;FORTALEZA / CE; 5
IBAMA - SUPERINTENDENCIA ESTADUAL/RN;NATAL / RN; 5
INDUSTRIA DE MATERIAL BELICO DO BRASIL/FE;MAGE / RJ; 5
INDUSTRIA DE MATERIAL BELICO DO BRASIL/FMCE;RIO DE JANEIRO / RJ; 5
INSP.REC.FEDERAL CL.A EM CORUMBA/MS;CORUMBA / MS; 5
INST. NACIONAL DO SEMI-ARIDO-INSA;CAMPINA GRANDE / PB; 5
INST.F.DE ED.,CIENC.E TEC.DO N/MG/C.M.CLAROS;MONTES CLAROS / MG; 5
INST.F.ED.,CIENC.E TEC.DO NORT DE MG/C.JANUÁR;JANUARIA / MG; 5
INST.FED.CATARINENSE/CAMPUS SANTA ROSA SUL;SANTA ROSA DO SUL / SC; 5
INST.FED.DE ED.,CIENC.E TEC.BAIANO/C.CATU;CATU / BA; 5
INST.FED.DE EDUC.,CIENC.E TEC.DE ALAGOAS;MACEIO / AL; 5
INST.FED.DO CEARA/CAMPUS CRATO;CRATO / CE; 5
INST.FED.GOIANO/CAMPUS MORRINHOS;MORRINHOS / GO; 5
INSTITUTO NACIONAL DE INFECTOLOGIA - INI;RIO DE JANEIRO / RJ; 5
JUSTICA FEDERAL DE 1A. INSTANCIA - DF;BRASILIA / DF; 5
LABORATÓRIO NAC. AGROPECUÁRIO EM PERNAMBUCO;RECIFE / PE; 5
MAER - BASE AEREA DE ANAPOLIS/GO;ANAPOLIS / GO; 5
MAER-EPCAR-ESCOLA PREPARAT.CADETES DO AR/MG;BARBACENA / MG; 5
MCT-INSTITUTO NACIONAL DE TECNOLOGIA-RJ;RIO DE JANEIRO / RJ; 5
MEX-28. BATALHAO DE CACADORES/SE;ARACAJU / SE; 5
MM/COMANDO DO 7 DISTRITO NAVAL/DF;BRASILIA / DF; 5
MME-DEPART.NAC.DE PROD.MINERAL/SEDE/DNPM/DF;BRASILIA / DF; 5
MS-GERENCIA ESTADUAL DO MIN. DA SAUDE/MT;CUIABA / MT; 5
PREF.MUN.DO RIO DE JANEIRO/RJ;RIO DE JANEIRO / RJ; 5
PROCURADORIA DA REPUBLICA - SE;ARACAJU / SE; 5
PROCURADORIA GERAL DO TRABALHO DF;BRASILIA / DF; 5
REGIONAL DE TRANSMISSÃO DO MARANHÃO;SAO LUIS / MA; 5
SEçãO JUDICIáRIA NO PIAUI;TERESINA / PI; 5
SUP. REG. DO DNIT NO EST. DO RIO G. DO NORTE;NATAL / RN; 5
SUP. REG. DO DNIT NO ESTADO DO PIAUI;TERESINA / PI; 5
SUP.REGIONAL RECEITA FEDERAL 10A.RF/RS;PORTO ALEGRE / RS; 5
SUPER. DE ADMINISTRACAO NO DISTRITO FEDERAL;BRASILIA / DF; 5
SUPERINTENDÊNCIA DE ADMINISTRAÇÃO DO MF - AM;MANAUS / AM; 5
SUPERINTENDÊNCIA DE ADMINISTRAÇÃO DO MF - DF;BRASILIA / DF; 5
SUPERINTENDÊNCIA DE ADMINISTRAÇÃO DO MF - ES;VITORIA / ES; 5
SUPERINTENDÊNCIA DE ADMINISTRAÇÃO DO MF - MT;CUIABA / MT; 5
SUPERINTENDÊNCIA DE ADMINISTRAÇÃO DO MF - PA;BELEM / PA; 5
SUPERINTENDÊNCIA DE ADMINISTRAÇÃO DO MF - RR;BOA VISTA / RR; 5
SUPERINTENDENCIA REG. POL. RODV. FEDERAL-MT;CUIABA / MT; 5
SUPERINTENDENCIA REG. POL. RODV. FEDERAL-PA;BELEM / PA; 5
SUPERINTENDENCIA REGIONAL DO INCRA/PR;CURITIBA / PR; 5
SUPERINTENDENCIA REGIONAL NO ESTADO DO ES;VILA VELHA / ES; 5
TRE-TRIBUNAL REGIONAL ELEITORAL/MT;CUIABA / MT; 5
TRIBUNAL DE JUSTIÇA DO EST. ESPIRITO SANTO;VITORIA / ES; 5
TRIBUNAL REGIONAL DO TRABALHO DA 21A. REGIAO;NATAL / RN; 5
TRIBUNAL REGIONAL ELEITORAL DE SANTA CATARINA;FLORIANOPOLIS / SC; 5
TRIBUNAL REGIONAL ELEITORAL DO CEARA;FORTALEZA / CE; 5
TRIBUNAL REGIONAL ELEITORAL DO PIAUI;TERESINA / PI; 5
TRIBUNAL REGIONAL FEDERAL DA 2A. REGIAO;RIO DE JANEIRO / RJ; 5
TRIBUNAL REGIONAL FEDERAL DA 4A.REGIAO;PORTO ALEGRE / RS; 5
UNIVERSIDADE FED. DE CIENCIAS DA SAUDE/RS;PORTO ALEGRE / RS; 5
UNIVERSIDADE FEDERAL DE ITAJUBA/MG;ITAJUBA / MG; 5
2 BATALHAO FERROVIáRIO;ARAGUARI / MG; 4
2 GRUPO DE ARTILHARIA ANTIAEREA;PRAIA GRANDE / SP; 4
4 BATALHAO DE ENGENHARIA DE CONSTRUCAO - MEX;BARREIRAS / BA; 4
ADMINISTRACAO GERAL/UFMG;BELO HORIZONTE / MG; 4
AGENCIA NACIONAL DO PETROLEO - ANP - RJ;RIO DE JANEIRO / RJ; 4
ALFANDEGA DA RFB NO PORTO DO RIO GRANDE-RS;RIO GRANDE / RS; 4
BANCO DO NORDESTE DO BRASIL S/A;FORTALEZA / CE; 4
BASE DE FUZILEIROS NAVAIS DO RIO MERITI;DUQUE DE CAXIAS / RJ; 4
BASE FLUVIAL DE LADARIO/MS;LADARIO / MS; 4
CAMARA DOS DEPUTADOS;BRASILIA / DF; 4
CENTRO DE EDUCAçAO E SAUDE DA UFCG;CUITE / PB; 4
CENTRO DE INTENDENCIA DA MARINHA EM LADARIO;LADARIO / MS; 4
COMANDO DE FRONTEIRA RONDONIA/6 BIS/MEX/RO;GUAJARA-MIRIM / RO; 4
COMISSAO EXEC.DA LAVOURA CACAUEIRA;ILHEUS / BA; 4
CONSELHO NACIONAL DO MINISTERIO PUBLICO;BRASILIA / DF; 4
COORD.DE VIG.DE PORTOS,AEROPORTOS E FRONT.SP;SAO PAULO / SP; 4
COORDENAÇÃO GERAL DE MATERIAL E PATRIMÔNIO;BRASILIA / DF; 4
COORDENAÇÃO REGIONAL DE JI-PARANÁ;JI-PARANA / RO; 4
COORDENAÇÃO REGIONAL DO ALTO SOLIMOES/AM;TABATINGA / AM; 4
COORDENAÇÃO REGIONAL DO VALE DO JAVARI- AM;ATALAIA DO NORTE / AM; 4
COORDENAÇÃO REGIONAL DOURADOS - MS;DOURADOS / MS; 4
COORDENACAO REGIONAL NORTE DO MATO GROSSO;COLIDER / MT; 4
DELEG.REG. DO TRAB.-DRT/MTB/ES;VITORIA / ES; 4
DELEGACIA DA REC.FEDERAL EM ARACAJU/SE;ARACAJU / SE; 4
DELEGACIA DA REC.FEDERAL EM FLORIANOPOLIS/SC;FLORIANOPOLIS / SC; 4
DELEGACIA DA REC.FEDERAL EM GOIANIA/GO;GOIANIA / GO; 4
DELEGACIA DA REC.FEDERAL EM MARINGA/PR;MARINGA / PR; 4
DELEGACIA DA REC.FEDERAL EM RECIFE/PE;RECIFE / PE; 4
DELEGACIA DA REC.FEDERAL EM URUGUAIANA/RS;URUGUAIANA / RS; 4
DELEGACIA DA RECEITA FED.EM STª CRUZ DO SUL;SANTA CRUZ DO SUL / RS; 4
DELEGACIA DA RECEITA FEDERAL - SAO LUIS/MA;SAO LUIS / MA; 4
DIRETORIA DO PESSOAL MILITAR DA MARINHA;RIO DE JANEIRO / RJ; 4
DISTRITO SANIT.ESP.INDÍGENA - LESTE RR;BOA VISTA / RR; 4
DISTRITO SANIT.ESP.INDÍGENA - PERNAMBUCO;RECIFE / PE; 4
EMBRAPA/CPPSUL;BAGE / RS; 4
ESCOLA DE APRENDIZES-MARINHEIROS DE SC;FLORIANOPOLIS / SC; 4
ESCRITORIO DE REPRES. DO MINIST. DA SAUDE/SP;SAO PAULO / SP; 4
FUNDACAO NACIONAL DE ARTES;RIO DE JANEIRO / RJ; 4
FUNDACAO OSORIO;RIO DE JANEIRO / RJ; 4
FUNDACAO UNIVERSIDADE FEDERAL DE SAO CARLOS;SAO CARLOS / SP; 4
FUNDACAO UNIVERSIDADE FEDERAL DE UBERLANDIA;UBERLANDIA / MG; 4
GERÊNCIA EXECUTIVA MACAPÁ/AP;MACAPA / AP; 4
GERENCIA REGIONAL EM SÃO PAULO;SAO PAULO / SP; 4
HOSPITAL UNIVERSITARIO JULIO MULLER DA FUF/MT;CUIABA / MT; 4
IBAMA - GERêNCIA EXECUTIVA EM GOIáS;GOIANIA / GO; 4
IBAMA - SUPERINTENDENCIA ESTADUAL/SE;ARACAJU / SE; 4
INCRA-SR-17-SUPERINT.REGIONAL/RO;PORTO VELHO / RO; 4
INCRA-SUPERINT.REGIONAL-SR 12/MA;SAO LUIS / MA; 4
INCRA-SUPERINTENDENCIA ESTADUAL-SR 04/GO;GOIANIA / GO; 4
INST FED.EDUC.CIENC.TEC.RJ/CAMPUS PINHEIRAL;PINHEIRAL / RJ; 4
INST.F.ED.,CIENC.E TEC.DE NORTE DE MG/C.SALIN;SALINAS / MG; 4
INST.FED.BAIANO/CAMPUS SANTA INES;SANTA INES / BA; 4
INST.FED.DE EDUC., CIENC. E TEC. BAIANO;SALVADOR / BA; 4
INST.FED.DE EDUC.,CIENC.E TEC.DE BRASILIA;BRASILIA / DF; 4
INST.FED.DE EDUC.,CIENC.E TEC.DO ACRE;RIO BRANCO / AC; 4
INST.FED.DE EDUC.,CIENC.E TEC.DO PARA;BELEM / PA; 4
INST.FED.DE EDUC.,CIENC.E TEC.DO SUL DE MG;POUSO ALEGRE / MG; 4
INST.FED.DE EDUC.TEC BAHIA/CAMPUS SALVADOR;SALVADOR / BA; 4
INST.FED.DO CEARA/CAMPUS FORTALEZA;FORTALEZA / CE; 4
INST.FED.DO CEARA/CAMPUS IGUATU;IGUATU / CE; 4
INST.FED.PARÁ/CAMPUS BELEM;BELEM / PA; 4
INST.FED.TRIANGULO MINEIRO/CAMPUS UBERLANDIA;UBERLANDIA / MG; 4
INSTITUTO EVANDRO CHAGAS;ANANINDEUA / PA; 4
INSTITUTO NAC. DE METEOROLOGIA;BRASILIA / DF; 4
JUSTICA FEDERAL - SEÇÃO JUDICIÁRIA DE SERGIPE;ARACAJU / SE; 4
JUSTICA FEDERAL DE 1A. INSTANCIA - SC;FLORIANOPOLIS / SC; 4
JUSTICA FEDERAL DE 1A. INSTANCIA/RO;PORTO VELHO / RO; 4
LABORATORIO NACIONAL AGROPECUARIO LANAGRO/SP;CAMPINAS / SP; 4
MAER-BABR-BASE AEREA DE BRASILIA/DF;BRASILIA / DF; 4
MEC_HOSP.PROF.EDGARD SANTOS DA UFBA/BA;SALVADOR / BA; 4
MEC/UF/HOSP.UNIVERS.LAURO WANDERLEY/PB;JOAO PESSOA / PB; 4
MF-DRF-DELEGACIA DA RECEITA FEDERAL EM BSB/DF;BRASILIA / DF; 4
MINISTERIO PUBLICO DO DF E TERRITORIOS;BRASILIA / DF; 4
MTB-DELEGACIA REGIONAL DO TRABALHO/DRT/AC;RIO BRANCO / AC; 4
MTB-DELEGACIA REGIONAL DO TRABALHO/DRT/MA;SAO LUIS / MA; 4
NUCLEO ESTADUAL DO MINISTERIO DA SAUDE/BA;SALVADOR / BA; 4
PROCURADORIA DA REPUBLICA - MG;BELO HORIZONTE / MG; 4
PROCURADORIA DA REPUBLICA - PE;RECIFE / PE; 4
PROCURADORIA DA REPUBLICA/GO;GOIANIA / GO; 4
PROCURADORIA DA REPUBLICA/RR;BOA VISTA / RR; 4
PROCURADORIA REG.DO TRABALHO 16A.REGIAO - MA;SAO LUIS / MA; 4
PROCURADORIA REG.DO TRABALHO DA 24A./MS;CAMPO GRANDE / MS; 4
QUINTO COMANDO AÉREO REGIONAL/RS;CANOAS / RS; 4
SENADO FEDERAL;BRASILIA / DF; 4
SUP. REG. DO DNIT NOS EST. DE RONDONIA E ACRE;PORTO VELHO / RO; 4
SUP.REGIONAL RECEITA FEDERAL 7A.RF/RJ;RIO DE JANEIRO / RJ; 4
SUPERINT.FEDERAL DE AGRIC.PECUARIA E ABASTEC.;BRASILIA / DF; 4
SUPERINT.FEDERAL DE AGRIC.PECUARIA E ABASTEC.;TERESINA / PI; 4
SUPERINTEND. DO DESENVOLVIMENTO DA AMAZONIA;BELEM / PA; 4
SUPERINTEND.ESTADUAL DO PIAUI-INCRA/SR-24;TERESINA / PI; 4
SUPERINTENDÊNCIA DE ADMINISTRAÇÃO DO MF - SE;ARACAJU / SE; 4
SUPERINTENDÊNCIA DE ADMINISTRAÇÃO DO MF-MS;CAMPO GRANDE / MS; 4
SUPERINTENDÊNCIA DE ADMINISTRAÇÃO DO MF/PE;RECIFE / PE; 4
SUPERINTENDÊNCIA DO DNPM-PA;BELEM / PA; 4
SUPERINTENDENCIA REG. POL. RODV. FEDERAL-MG;CONTAGEM / MG; 4
SUPERINTENDENCIA REG. POL. RODV. FEDERAL-PI;TERESINA / PI; 4
SUPERINTENDENCIA REG.DA POLICIA FEDERAL NA BA;SALVADOR / BA; 4
SUPERINTENDENCIA REG.DEP.POLICIA FEDERAL - AP;MACAPA / AP; 4
SUPERINTENDENCIA REG.DEP.POLICIA FEDERAL - CE;FORTALEZA / CE; 4
SUPERINTENDENCIA REG.DEP.POLICIA FEDERAL - PI;TERESINA / PI; 4
SUPERINTENDENCIA REG.DEP.POLICIA FEDERAL- MA;SAO LUIS / MA; 4
SUPERINTENDENCIA REG.DEP.POLICIA FEDERAL/AP;MACAPA / AP; 4
TRIBUNAL DE CONTAS DO ESTADO DO MARANHÃO;SAO LUIS / MA; 4
TRIBUNAL DE JUSTIÇA DO ESTADO DE RONDÔNIA;PORTO VELHO / RO; 4
TRIBUNAL DE JUSTIÇA DO ESTADO DO PARÁ;BELEM / PA; 4
TRIBUNAL REGIONAL DO TRABALHO 18A.REG/GO;GOIANIA / GO; 4
TRIBUNAL REGIONAL ELEITORAL DA BAHIA;SALVADOR / BA; 4
TRIBUNAL REGIONAL ELEITORAL DE GOIAS;GOIANIA / GO; 4
TRIBUNAL REGIONAL ELEITORAL DE RONDONIA;PORTO VELHO / RO; 4
TRIBUNAL REGIONAL ELEITORAL DE SERGIPE;ARACAJU / SE; 4
TRIBUNAL REGIONAL ELEITORAL DO RIO G.DO NORTE;NATAL / RN; 4
TRIBUNAL REGIONAL ELEITORAL/RR;BOA VISTA / RR; 4
TRIBUNAL REGIONAL ELEITORAL/TO;PALMAS / TO; 4
TRIBUNAL REGIONAL FEDERAL-SEC.1A.REG./DF;BRASILIA / DF; 4
UNIVERSIDADE FEDERAL DE LAVRAS/MEC/MG;LAVRAS / MG; 4
UNIVERSIDADE FEDERAL DO PARA/PA;BELEM / PA; 4
UNIVERSIDADE FEDERAL DO RECÔNCAVO DA BAHIA;CRUZ DAS ALMAS / BA; 4
UNIVERSIDADE TECNOLOGICA FEDERAL DO PARANA;APUCARANA / PR; 4
UTFPR - CAMPUS CAMPO MOURÃO;CAMPO MOURAO / PR; 4
UTFPR - CAMPUS MEDIANEIRA;MEDIANEIRA / PR; 4
1 BATALHAO DE ENGENHARIA DE CONSTRUCAO;CAICO / RN; 3
18 GRUPO DE ARTILHARIA DE CAMPANHA-MEX/MT;RONDONOPOLIS / MT; 3
19 REGIMENTO DE CAVALARIA MECANIZADO/RS;SANTA ROSA / RS; 3
21ª COMPANHIA DE ENGENHARIA DE CONSTRUCAO;SAO GABRIEL DA CACHOEIRA / AM; 3
63 BATALHAO DE INFANTARIA;FLORIANOPOLIS / SC; 3
AGENCIA NACIONAL DE ENERGIA ELETRICA - DF;BRASILIA / DF; 3
AGENCIA NACIONAL DO PETRÓLEO;BRASILIA / DF; 3
BASE AEREA DE SANTA MARIA;SANTA MARIA / RS; 3
BASE NAVAL DO RIO DE JANEIRO/RJ;NITEROI / RJ; 3
CENTRAIS ELETRICAS DO NORTE DO BRASIL S/A;BRASILIA / DF; 3
CENTRO DE INTENDENCIA DA MARINHA EM BELEM;BELEM / PA; 3
CENTRO DE SAUDE E TECNOLOGIA RURAL;PATOS / PB; 3
CENTRO FEDERAL DE EDUCACAO TECNOLOGICA - MG;BELO HORIZONTE / MG; 3
CIA DE DESENV. DO VALE DO SAO FRANCISCO-DF;BRASILIA / DF; 3
CIA DE DESENV.DOS VALES DO S.FRANC.E PARNAIBA;SAO LUIS / MA; 3
CINEMATECA BRASILEIRA;SAO PAULO / SP; 3
COMANDO 16A BRIGADA DE INFANT.DE SELVA/MEX/AM;TEFE / AM; 3
COMANDO DA 8. REGIAO MILITAR;BELEM / PA; 3
COMISSAO NACIONAL DE ENERGIA NUCLEAR;SAO PAULO / SP; 3
COMPANHIA DE ELETRICIDADE DO ACRE;RIO BRANCO / AC; 3
COMPANHIA DE SANEAMENTO MUNICIPAL;JUIZ DE FORA / MG; 3
COMPANHIA DOCAS DO PARA;BELEM / PA; 3
COMPLEXO HOSPITALAR E DE SAUDE DA UFBA;SALVADOR / BA; 3
CONSELHO FEDERAL DE ECONOMIA/DF;BRASILIA / DF; 3
CONSELHO FEDERAL DE ENFERMAGEM-COFEN;BRASILIA / DF; 3
CONSELHO REG. DE ENGENHARIA E AGRONOMIA DO RJ;RIO DE JANEIRO / RJ; 3
CONSELHO REGIONAL DE NUTRICIONISTAS-8ª REGIÃO;CURITIBA / PR; 3
COORD. DE V.SAN.DE PORT. AER. E FRONTEIRA;SAO LUIS / MA; 3
COORD. VIG, SANIT. PORTOS, AEROP. E FRONT./BA;SALVADOR / BA; 3
COORD.REGIONAL DE MG/ES;GOVERNADOR VALADARES / MG; 3
COORDENACAO GERAL DE RECURSOS LOGISTICOS;BRASILIA / DF; 3
COORDENAÇÃO REGIONAL AMAPÁ E NORTE DO PARÁ;MACAPA / AP; 3
COORDENAÇÃO REGIONAL DE CACOAL/RO;CACOAL / RO; 3
COORDENACAO REGIONAL DE CUIABÁ;CUIABA / MT; 3
COORDENAÇÃO REGIONAL DO RIO NEGRO - AM;SAO GABRIEL DA CACHOEIRA / AM; 3
COORDENACAO REGIONAL XAVANTE;BARRA DO GARCAS / MT; 3
DEL. ESPECIAL DA INSTITUICOES FINANCEIRA - SP;SAO PAULO / SP; 3
DELEG.ESP.DA RFB DE FISC DE COM. EXTERIOR;SAO PAULO / SP; 3
DELEG.REG. DO TRAB/DISTRITO FEDERAL;BRASILIA / DF; 3
DELEG.REG. DO TRAB/PIAUI;TERESINA / PI; 3
DELEG.REG. DO TRAB/SANTA CATARINA;FLORIANOPOLIS / SC; 3
DELEGACIA DA REC.FEDERAL EM CASCAVEL/PR;CASCAVEL / PR; 3
DELEGACIA DA REC.FEDERAL EM CAX.DO SUL/RS;CAXIAS DO SUL / RS; 3
DELEGACIA DA REC.FEDERAL EM P.FUNDO/RS;PASSO FUNDO / RS; 3
DELEGACIA DA REC.FEDERAL EM TERESINA/PI;TERESINA / PI; 3
DEPARTAMENTO DE ADMINISTRAÇÃO INTERNA;BRASILIA / DF; 3
DEPARTAMENTO DE TRÂNSITO DO DISTRITO FEDERAL;BRASILIA / DF; 3
DEPARTAMENTO ESTADUAL DE TRÂNSITO;PORTO VELHO / RO; 3
DEPARTAMENTO GERAL DE PESSOAL-MEX/DF;BRASILIA / DF; 3
DIRETORIA TECNICO-CIENTIFICA/DPF;BRASILIA / DF; 3
DIST. SANIT. ESP. INDIGENA;VILHENA / RO; 3
DIST. SANTI. ESP.INDIGENA ALTO RIO NEGRO;SAO GABRIEL DA CACHOEIRA / AM; 3
DISTRITO DE METEOROLOGIA/MT;VARZEA GRANDE / MT; 3
DISTRITO SANIT. ESP.INDIGENA - ALTAMIRA;ALTAMIRA / PA; 3
DISTRITO SANIT.ESP.INDÍGENA - CUIABA;CUIABA / MT; 3
DISTRITO SANIT.ESP.INDÍGENA - MÉDIO SOLIMÕES;TEFE / AM; 3
DISTRITO SANIT.ESP.INDÍGENA- ALTO PURUS;RIO BRANCO / AC; 3
DNOCS - 5 DERUR - MONTES CLAROS;MONTES CLAROS / MG; 3
EMBRAPA/CNPMF;CRUZ DAS ALMAS / BA; 3
EMBRAPA/CPAF-AMAPA;MACAPA / AP; 3
EMBRAPA/CPATSA;PETROLINA / PE; 3
EMBRAPA/CPATU;BELEM / PA; 3
EMP. BRAS. DE HEMODERIVADOS E BIOTECNOLOGIA;RECIFE / PE; 3
ESCRITORIO DE REPRES. DO MINIST. DA SAUDE/AL;MACEIO / AL; 3
ESCRITORIO DE REPRES. DO MINIST. DA SAUDE/RS;PORTO ALEGRE / RS; 3
FINANCIADORA DE ESTUDOS E PROJETOS;RIO DE JANEIRO / RJ; 3
FNS - COORDENACAO REGIONAL DO CEARA;FORTALEZA / CE; 3
FNS-FUNDACAO NACIONAL DE SAUDE/AM;MANAUS / AM; 3
FNS-FUNDACAO NACIONAL DE SAUDE/GO;GOIANIA / GO; 3
FUND. CENTRO DE HEMOT. E HEMATOLGIA DO PARÁ;BELEM / PA; 3
FUND.HAB.EXERCITO - DIFERENCA DA INTEGRACAO;BRASILIA / DF; 3
FUNDACAO JOAQUIM NABUCO / MEC / PE;RECIFE / PE; 3
FUNDACAO NACIONAL DE SAUDE - AL;MACEIO / AL; 3
FUNDACAO NACIONAL DE SAUDE - RN;NATAL / RN; 3
FUNDACAO NACIONAL DE SAUDE/AC;RIO BRANCO / AC; 3
FUNDACAO NACIONAL DE SAUDE/RR;BOA VISTA / RR; 3
FUNDAÇÃO UNIV. FEDERAL DA GRANDE DOURADOS;DOURADOS / MS; 3
FUNDACAO UNIVERSIDADE DO AMAZONAS/AM;MANAUS / AM; 3
FUNDACAO UNIVERSIDADE FEDERAL DO PAMPA;BAGE / RS; 3
GERENCIA ESTADUAL DO MINISTERIO DA SAUDE/PI;TERESINA / PI; 3
GERENCIA ESTADUAL EM SERGIPE/MS/SE;ARACAJU / SE; 3
GERÊNCIA EXECUTIVA BELO HORIZONTE/MG;BELO HORIZONTE / MG; 3
GERÊNCIA EXECUTIVA GOIÂNIA/GO;GOIANIA / GO; 3
GERÊNCIA EXECUTIVA LONDRINA/PR;LONDRINA / PR; 3
GERENCIA EXECUTIVA TEOFILO OTONI;TEOFILO OTONI / MG; 3
GERÊNCIA EXECUTIVA UBERABA/MG;UBERABA / MG; 3
GERÊNCIA REGIONAL EM RECIFE;RECIFE / PE; 3
GRUPAMENTO DE APOIO LOGÍSTICO;RIO DE JANEIRO / RJ; 3
HOSPITAL CLINICAS/UFMG;BELO HORIZONTE / MG; 3
HOSPITAL UNIVERSITARIO ALCIDES CARNEIRO;CAMPINA GRANDE / PB; 3
HOSPITAL UNIVERSITÁRIO/UFSC;FLORIANOPOLIS / SC; 3
IBAMA - SUPERINTENDENCIA ESTADUAL/RR;BOA VISTA / RR; 3
IBAMA - SUPERINTENDENCIA ESTADUAL/SP;SAO PAULO / SP; 3
IBGE-FUN.INST.BRAS.GEOGRAFIA E ESTATISTICA;RIO DE JANEIRO / RJ; 3
IFE.CIENC.E TEC. DO NORTE DE MG/C.PIRAPORA;PIRAPORA / MG; 3
IFES - CAMPUS SANTA TERESA;SANTA TERESA / ES; 3
IFES - CAMPUS VENDA NOVA DO IMIGRANTE;VENDA NOVA DO IMIGRANTE / ES; 3
INCRA/SUPERINTENDENCIA ESTADUAL SR-26/TO;PALMAS / TO; 3
INST FED.SUL R.GRANDENSE/CAMPUS PELOTAS;PELOTAS / RS; 3
INST.FED.CATARINENSE/CAMPUS CAMBORIU;CAMBORIU / SC; 3
INST.FED.DA PARAIBA/CAMPUS CAJAZEIRAS;CAJAZEIRAS / PB; 3
INST.FED.DE ED.,CIENC.E TEC.BAIANO/C.GUANAMBI;GUANAMBI / BA; 3
INST.FED.DE EDUC., CIENC.E TE.DE MATO GROSSO;CUIABA / MT; 3
INST.FED.DE EDUC.,CIENC.E TEC.DO AMAZONAS;MANAUS / AM; 3
INST.FED.DO RS/CAMPUS ERECHIM;ERECHIM / RS; 3
INST.FED.DO TOCANTINS/CAMPUS ARAGUATINS TO;ARAGUATINS / TO; 3
INST.FED.PARÁ/CAMPUS CASTANHAL;CASTANHAL / PA; 3
INST.FED.RORAIMA/CAMPUS BOA VISTA;BOA VISTA / RR; 3
INST.PESQUISA ECONOMICA APLICADA/RJ;RIO DE JANEIRO / RJ; 3
INSTITUTO FEDERAL BAIANO - CAMPUS URUÇUCA;URUCUCA / BA; 3
INSTITUTO FEDERAL DO PARANÁ;CURITIBA / PR; 3
INSTITUTO NACIONAL DE PESQUISAS ESPACIAIS;NATAL / RN; 3
IPHAN-PALACIO GUSTAVO CAPANEMA/RJ;RIO DE JANEIRO / RJ; 3
IV COMANDO AEREO REGIONAL;SAO PAULO / SP; 3
JUSTICA FEDERAL DE 1A. INSTANCIA - RN;NATAL / RN; 3
JUSTICA FEDERAL DE 1A. INSTANCIA_- RS;PORTO ALEGRE / RS; 3
JUSTICA FEDERAL DE 1A. INSTANCIA/AC;RIO BRANCO / AC; 3
JUSTICA FEDERAL DE 1A. INSTANCIA/AP;MACAPA / AP; 3
JUSTICA FEDERAL DE PRIMEIRO GRAU - PA;BELEM / PA; 3
LABORATORIO NACIONAL AGROPECUARIO EM GOIAS;GOIANIA / GO; 3
MEC - UNIV. FED. DE SANTA CATARINA - SC;FLORIANOPOLIS / SC; 3
MEC/UF-UNIVERSIDADE FEDERAL DA PARAIBA/PB;JOAO PESSOA / PB; 3
MF - SRF - DELEGACIA DA REC. FED. BLUMENAU/SC;BLUMENAU / SC; 3
MF-ALFANDEGA CL.NO AER INTERNACIONAL/RJ;RIO DE JANEIRO / RJ; 3
MF-DELEGACIA DA REC.FEDERAL EM NOVA IGUACU/RJ;NOVA IGUACU / RJ; 3
MF/DRF-DELEGACIA DA RECEITA FEDERAL/PB;JOAO PESSOA / PB; 3
MS-ESCRITORIO DE REPR.DO MINIST. DA SAUDE/MS;CAMPO GRANDE / MS; 3
PARQUE DE MATERIAL BELICO DA AERONAUTICA/RJ;RIO DE JANEIRO / RJ; 3
PROCURADORIA DA REPUBLICA - BA;SALVADOR / BA; 3
PROCURADORIA DA REPUBLICA - RN;NATAL / RN; 3
PROCURADORIA DA REPUBLICA-MS;CAMPO GRANDE / MS; 3
PROCURADORIA DA REPUBLICA/RO;PORTO VELHO / RO; 3
PROCURADORIA DA REPUBLICA/TO;PALMAS / TO; 3
PROCURADORIA GERAL DE JUSTIÇA DO MARANHÃO;SAO LUIS / MA; 3
PROCURADORIA REG.DO TRABALHO 2A. REGIAO - SP;SAO PAULO / SP; 3
PROCURADORIA REG.DO TRABALHO 4ª  REGIAO/RS;PORTO ALEGRE / RS; 3
PROCURADORIA REG.DO TRABALHO 5A. REGIAO - BA;SALVADOR / BA; 3
SECRETARIA DA SAUDE DO ESTADO DE TOCANTINS;PALMAS / TO; 3
SECRETARIA DE ESTADO DA SAÚDE/MA;SAO LUIS / MA; 3
SERVIÇO DE GESTÃO ADMINISTRATIVA;VITORIA / ES; 3
SUP. REG. DO DNIT NO ESTADO DE SANTA CATARINA;FLORIANOPOLIS / SC; 3
SUP. REG. DO DNIT NOS ESTADOS DE GOIAS E DF;GOIANIA / GO; 3
SUP. REGIONAL DO DNIT NO ESTADO DO CEARA;FORTALEZA / CE; 3
SUP.REGIONAL RECEITA FEDERAL 3A.RF/CE;FORTALEZA / CE; 3
SUP.REGIONAL RECEITA FEDERAL 5A.RF/BA;SALVADOR / BA; 3
SUPER.REG.DO MÉDIO S.FRANCISCO;PETROLINA / PE; 3
SUPERINT.DE ADMINIST.NO RIO GRANDE DO SUL;PORTO ALEGRE / RS; 3
SUPERINT.FED. DE AGRIC.PECUARIA E ABASTEC./SP;SAO PAULO / SP; 3
SUPERINT.FEDERAL DE AGRIC.PECUARIA E ABASTEC.;ARACAJU / SE; 3
SUPERINT.FEDERAL DE AGRIC.PECUARIA E ABASTEC.;BELO HORIZONTE / MG; 3
SUPERINT.FEDERAL DE AGRIC.PECUARIA E ABASTEC.;FORTALEZA / CE; 3
SUPERINT.FEDERAL DE AGRIC.PECUARIA E ABASTEC.;RIO DE JANEIRO / RJ; 3
SUPERINTEND.ESTADUAL DA BAHIA-INCRA/SR-05;SALVADOR / BA; 3
SUPERINTEND.ESTADUAL DE M.GERAIS - INCRA;BELO HORIZONTE / MG; 3
SUPERINTENDENCIA DA ZONA FRANCA DE MANAUS/AM;MANAUS / AM; 3
SUPERINTENDÊNCIA DE ADMINISTRAÇÃO DO MF - AP;MACAPA / AP; 3
SUPERINTENDÊNCIA DE ADMINISTRAÇÃO DO MF - CE;FORTALEZA / CE; 3
SUPERINTENDÊNCIA DE ADMINISTRAÇÃO DO MF - MG;BELO HORIZONTE / MG; 3
SUPERINTENDÊNCIA DE ADMINISTRAÇÃO DO MF - RO;PORTO VELHO / RO; 3
SUPERINTENDENCIA DO INMETRO NO ESTADO DO RS;PORTO ALEGRE / RS; 3
SUPERINTENDENCIA REG. POL. RODV. FEDERAL-ES;VITORIA / ES; 3
SUPERINTENDENCIA REG.DEP.POLICIA FEDERAL - AL;MACEIO / AL; 3
SUPERINTENDENCIA REG.DEP.POLICIA FEDERAL- RN;NATAL / RN; 3
SUPERINTENDENCIA REG.DEP.POLICIA FEDERAL- RS;PORTO ALEGRE / RS; 3
SUPERINTENDENCIA REGIONAL DO TRABALHO E EMPRE;CUIABA / MT; 3
TRIBUNAL DE JUSTICA DO DISTRITO FEDERAL;BRASILIA / DF; 3
TRIBUNAL DE JUSTIÇA DO ESTADO DO RIO G.DO SUL;PORTO ALEGRE / RS; 3
TRIBUNAL REGIONAL ELEITORAL DE ALAGOAS;MACEIO / AL; 3
TRIBUNAL REGIONAL ELEITORAL/AP;MACAPA / AP; 3
TRIBUNAL SUPERIOR DO TRABALHO;BRASILIA / DF; 3
UFRS-UNIVERSIDADE FEDERAL DO RS/RS;PORTO ALEGRE / RS; 3
UNIVERSIDADE FEDERAL DE CAMPINA GRANDE PB;CAMPINA GRANDE / PB; 3
UNIVERSIDADE FEDERAL DE PELOTAS/RS;PELOTAS / RS; 3
UNIVERSIDADE FEDERAL RURAL DO SEMI-ÁRIDO;MOSSORO / RN; 3
UNIVERSIDADE TECNOLOGICA FEDERAL DO PARANA;TOLEDO / PR; 3
UTFPR - CAMPUS CORNÉLIO PROCÓPIO;CORNELIO PROCOPIO / PR; 3
UTFPR - CAMPUS PONTA GROSSA;PONTA GROSSA / PR; 3
UTFPR - CAMPUS SUDOESTE PATO BRANCO;PATO BRANCO / PR; 3
1º BATALHãO FERROVIáRIO;LAGES / SC; 2
23 BATALHAO LOGISTICO DE SELVA;MARABA / PA; 2
4 BATALHAO DE ENGENHARIA DE COMBATE;ITAJUBA / MG; 2
4 GRUPO DE ARTILHARIA ANTIAEREA;SETE LAGOAS / MG; 2
4. BATALHAO DE INFANTARIA DE SELVA/MES/AC;RIO BRANCO / AC; 2
42A DE DESENV.DOS VALES DO S.FRANC E PARNAIBA;TERESINA / PI; 2
53 BATALHAO DE INFANTARIA DE SELVA;ITAITUBA / PA; 2
59  BATALHAO DE INFANTARIA MOTORIZADO/AL;MACEIO / AL; 2
6 BATALHAO DE COMUNICACAO DIVISIONARIO/RS;BENTO GONCALVES / RS; 2
6 GRUPO DE ARTILHARIA DE CAMPANHA/RS;RIO GRANDE / RS; 2
6 GRUPO DE MISSEIS E FOGUETES;FORMOSA / GO; 2
6. DEPOSITO DE SUPRIMENTO;SALVADOR / BA; 2
8 REGIMENTO DE CAVALARIA MECANIZADO/RS;URUGUAIANA / RS; 2
AF-ALFANDEGA DO PORTO DE VITORIA/ES;VITORIA / ES; 2
AGÊNCIA REGULAD.DE ÁGUAS, ENERGIA E SANEAM.DF;BRASILIA / DF; 2
ALF. DA RF DO BRASIL DO PORTO DE ITAJAÍ/SC;ITAJAI / SC; 2
BANCO CENTRAL DO BRASIL/DF;BRASILIA / DF; 2
BASE AEREA DE CANOAS-MAER/RS;CANOAS / RS; 2
BASE AÉREA DE MANAUS;MANAUS / AM; 2
BASE AEREA DE SANTA CRUZ/RJ;RIO DE JANEIRO / RJ; 2
BASE AEREA DO RECIFE;RECIFE / PE; 2
CAMARA MUNICIPAL DE SALVADOR;SALVADOR / BA; 2
CAPITANIA DOS PORTOS DO ESTADO DE S.CATARINA;FLORIANOPOLIS / SC; 2
CAPITANIA DOS PORTOS DO ESTADO DO MARANHAO;SAO LUIS / MA; 2
CAPITANIA DOS PORTOS DO PIAUI;PARNAIBA / PI; 2
CAPITANIA FLUVIAL DO ARAGUAIA - TOCANTINS;PALMAS / TO; 2
CENTRAIS DE ABASTECIMENTO DO DISTRITO FEDERAL;BRASILIA / DF; 2
CENTRO DE LANCAMENTO DA BARREIRA DO INFERNO;PARNAMIRIM / RN; 2
CENTRO NACIONAL DE PRIMATAS;ANANINDEUA / PA; 2
CIA DE DESENV. DO VALE DO SAO FRANCISCO-BA;SALVADOR / BA; 2
CNPQ - ADMINISTRACAO CENTRAL;BRASILIA / DF; 2
COLEGIO MILITAR DE SANTA MARIA;SANTA MARIA / RS; 2
COLEGIO PEDRO II/REITORIA;RIO DE JANEIRO / RJ; 2
COMANDO 1.GRUPAMENTO DE ENGENHARIA;JOAO PESSOA / PB; 2
COMANDO 8 DISTRITO NAVAL - SP;SAO PAULO / SP; 2
COMANDO DA 1 REGIAO MILITAR/RJ;RIO DE JANEIRO / RJ; 2
COMANDO DA 2ª BRIGADA DE INFANTARIA DE SELVA;SAO GABRIEL DA CACHOEIRA / AM; 2
COMANDO DA 4 REGIAO MILITAR/DIV EX;BELO HORIZONTE / MG; 2
COMANDO DO 1.DISTRITO NAVAL;RIO DE JANEIRO / RJ; 2
COMANDO DO COMANDO MILITAR DO LESTE/RJ;RIO DE JANEIRO / RJ; 2
COMISSAO EXEC.DA LAVOURA CACAUEIRA;PORTO VELHO / RO; 2
COMPANHIA DOCAS DO RIO DE JANEIRO;RIO DE JANEIRO / RJ; 2
COMPANHIA PARAENSE DE TURISMO;BELEM / PA; 2
CONAB SEDE SUREG - ES;VITORIA / ES; 2
CONS.REG.DE CORRET. DE IMÓVEIS - 4ª REG.MG;BELO HORIZONTE / MG; 2
CONSELHO FEDERAL DE MEDICINA;BRASILIA / DF; 2
CONSELHO REG. DE FARMACIA DE SAO PAULO;SAO PAULO / SP; 2
CONSELHO REG.DE EDUCAÇÃO FÍSICA DA 4ª REGIÃO;SAO PAULO / SP; 2
CONSELHO REGIONAL DE ENFERMAGEM DE SAO PAULO;SAO PAULO / SP; 2
CONSELHO REGIONAL DE FARMACIA DO CEARA;FORTALEZA / CE; 2
CONSELHO REGIONAL DE QUIMICA 9A REGIAO;CURITIBA / PR; 2
COORD VIG SANIT PORTOS AEROP E FRONTEIRA-GO;GOIANIA / GO; 2
COORD. VIG. SANIT. PORTOS, AEROP. E FRONT./RS;PORTO ALEGRE / RS; 2
COORDENAÇÃO REGIONAL ALTO PURUS;RIO BRANCO / AC; 2
COORDENACAO REGIONAL CAMPO GRANDE/MS;CAMPO GRANDE / MS; 2
COORDENAÇÃO REGIONAL LITORAL SUDESTE - SP;ITANHAEM / SP; 2
COORDENAÇÃO REGIONAL MARANHÃO;IMPERATRIZ / MA; 2
COORDENAÇÃO REGIONAL PONTA PORÃ/MS;PONTA PORA / MS; 2
COORDENAÇÃO REGIONAL RORAIMA;BOA VISTA / RR; 2
CX.DE FINANCIAMENTO IMOBIL. DA AERONÁUTICA;RIO DE JANEIRO / RJ; 2
DELEG.REG. DO TRAB/BAHIA;SALVADOR / BA; 2
DELEG.REG. DO TRAB/PERNAMBUCO;RECIFE / PE; 2
DELEG.REG.DO TRAB/MATO GROSSO SUL;CAMPO GRANDE / MS; 2
DELEG.REG.DO TRAB/RIO GRANDE NORTE;NATAL / RN; 2
DELEGACIA DA CAPITANIA DOS PORTOS EM ITAJAI;ITAJAI / SC; 2
DELEGACIA DA REC.FED.EM VIT.CONQUISTA-MF-BA;VITORIA DA CONQUISTA / BA; 2
DELEGACIA DA REC.FEDERAL EM CAMPOS GOITACAZES;CAMPOS DOS GOITACAZES / RJ; 2
DELEGACIA DA REC.FEDERAL EM FORTALEZA/CE;FORTALEZA / CE; 2
DELEGACIA DA REC.FEDERAL EM JOACABA/SC;JOACABA / SC; 2
DELEGACIA DA REC.FEDERAL EM MACEIO/AL;MACEIO / AL; 2
DELEGACIA DA REC.FEDERAL EM NATAL/RN;NATAL / RN; 2
DELEGACIA DA REC.FEDERAL EM P.GROSSA/PR;PONTA GROSSA / PR; 2
DELEGACIA DA REC.FEDERAL EM RIB.PRETO/SP;RIBEIRAO PRETO / SP; 2
DELEGACIA DA REC.FEDERAL EM RIO BRANCO/AC;RIO BRANCO / AC; 2
DELEGACIA DA REC.FEDERAL EM S.DO LIVRAMENTO;SANTANA DO LIVRAMENTO / RS; 2
DELEGACIA DA REC.FEDERAL EM VARGINHA/MG;VARGINHA / MG; 2
DELEGACIA DA RECEITA FEDERAL EM ANAPOLIS/GO;ANAPOLIS / GO; 2
DELEGACIA REGIONAL DO TRABALHO/DRT/MTB/TO;PALMAS / TO; 2
DELEGACIA REGIONAL DO TRABALHO/RORAIMA;BOA VISTA / RR; 2
DEPARTAMENTO DE ÁGUA E ESGOTOS;SANTANA DO LIVRAMENTO / RS; 2
DEPOSITO CENTRAL INTENDENCIA/RJ;RIO DE JANEIRO / RJ; 2
DEPTO. NAC. DE INFRA-ESTRUTURA DE TRANSPORTES;BRASILIA / DF; 2
DIST. SANIT. ESP. INDIGENA JAVARI;ATALAIA DO NORTE / AM; 2
DIST. SANIT. ESP. INDIGENA PARINTINS;PARINTINS / AM; 2
DIST. SANT. ESP. INDIGENA;GOVERNADOR VALADARES / MG; 2
DISTRITO DE METEOROLOGIA/MG;BELO HORIZONTE / MG; 2
DISTRITO SANIT. ESP.INDIGENA- KAIAPO REDENçãO;REDENCAO / PA; 2
DISTRITO SANIT.ESP.INDÍGENA - ALTO SOLIMOES;TABATINGA / AM; 2
DISTRITO SANIT.ESP.INDÍGENA - AMAPA;MACAPA / AP; 2
DISTRITO SANIT.ESP.INDÍGENA - ARAGUAIA;SAO FELIX DO ARAGUAIA / MT; 2
DISTRITO SANIT.ESP.INDÍGENA - PORTO VELHO;PORTO VELHO / RO; 2
DISTRITO SANIT.ESP.INDÍGENA AL/SE;MACEIO / AL; 2
DISTRITO SANIT.ESPECIAL INDÍGENA KAYAPÓ/MT;COLIDER / MT; 2
ELETROBRAS TERMONUCLEAR S/A;RIO DE JANEIRO / RJ; 2
EMBRAPA/CNPAT;FORTALEZA / CE; 2
EMBRAPA/CNPC;SOBRAL / CE; 2
EMBRAPA/CNPDIA;SAO CARLOS / SP; 2
EMBRAPA/CPAMN;TERESINA / PI; 2
EMBRAPA/CPAMT;SINOP / MT; 2
EMBRAPA/CPAP;CORUMBA / MS; 2
EMBRAPA/SPSB - GL PETROLINA;PETROLINA / PE; 2
ENAP-ESCOLA NACIONAL DE ADM.PUBLICA/DF;BRASILIA / DF; 2
ESCOLA DE ESPECIALISTAS DE AERONAUTICA;GUARATINGUETA / SP; 2
ESCRITORIO DE REPRESENTACOES/MRE EM SP;SAO PAULO / SP; 2
ESTABELC.GEN GUSTAVO CORDEIRO FARIAS-MEX-DF;BRASILIA / DF; 2
FUNDACAO NACIONAL DE SAUDE - SP;SAO PAULO / SP; 2
FUNDACAO NACIONAL DE SAUDE/ES;VITORIA / ES; 2
FUNDACAO NACIONAL DE SAUDE/FNS/MA;SAO LUIS / MA; 2
FUNDACAO UNIVERSIDADE FEDERAL DE OURO PRETO;OURO PRETO / MG; 2
FUNDACAO UNIVERSIDADE FEDERAL DO TOCANTINS;PALMAS / TO; 2
FUNDACAO UNIVERSIDADE FEDERAL/AC;RIO BRANCO / AC; 2
FUNDACAO UNIVERSIDADE FEDERAL/AP;MACAPA / AP; 2
FUNDJORGE D.FIGUEIREDO DE SEG.MED.TRABALHO/SP;SAO PAULO / SP; 2
FUNDO DA MARINHA MERCANTE;RIO DE JANEIRO / RJ; 2
GABINETE DO COMANDANTE DA AERONAUTICA;BRASILIA / DF; 2
GERENCIA ESTADUAL DO MS/PB;JOAO PESSOA / PB; 2
GERÊNCIA EXECUTIVA CHAPECÓ/SC;CHAPECO / SC; 2
GERENCIA EXECUTIVA CRICIUMA/SC;CRICIUMA / SC; 2
GERÊNCIA EXECUTIVA CUIABÁ/MT;CUIABA / MT; 2
GERÊNCIA EXECUTIVA CURITIBA/PR;CURITIBA / PR; 2
GERÊNCIA EXECUTIVA DOURADOS/MS;DOURADOS / MS; 2
GERÊNCIA EXECUTIVA ITABUNA/BA;ITABUNA / BA; 2
GERÊNCIA EXECUTIVA MOSSORÓ/RN;MOSSORO / RN; 2
GERÊNCIA EXECUTIVA PALMAS/TO;PALMAS / TO; 2
GERÊNCIA EXECUTIVA S. JOSÉ DO RIO PRETO/SP;SAO JOSE DO RIO PRETO / SP; 2
GERÊNCIA EXECUTIVA SANTA MARIA/RS;SANTA MARIA / RS; 2
GRUPAMENTO DE APOIO DA SAUDE;RIO DE JANEIRO / RJ; 2
HOSPITAL DE CLINICAS DA UFPR;CURITIBA / PR; 2
HOSPITAL DE CLÍNICAS DA UFTM;UBERABA / MG; 2
HOSPITAL DE GUARNICAO DE MARABA;MARABA / PA; 2
HOSPITAL DE GUARNICAO DE TABATINGA/MEX/AM;TABATINGA / AM; 2
HOSPITAL REGIONAL DE SALINOPOLIS;SALINOPOLIS / PA; 2
HOSPITAL UNIVERSITÁRIO;DOURADOS / MS; 2
HOSPITAL UNIVERSITARIO DA UNIFESP;SAO PAULO / SP; 2
HOSPITAL UNIVERSITARIO DE BRASILIA - HUB;BRASILIA / DF; 2
HOSPITAL UNIVERSITÁRIO JÚLIO M. BAND. MELLO;CAJAZEIRAS / PB; 2
HOSPITAL UNIVERSITÁRIO WALTER CANTIDIO;FORTALEZA / CE; 2
HOSPITAL UNIVERSITARIO_DA UNIVERSIDADE DO MA;SAO LUIS / MA; 2
IBAMA - SUPERINTENDENCIA ESTADUAL/ES;VITORIA / ES; 2
IBAMA - SUPERINTENDENCIA ESTADUAL/PA;BELEM / PA; 2
IBAMA - SUPERINTENDENCIA ESTADUAL/PE;RECIFE / PE; 2
IBAMA - SUPERINTENDENCIA ESTADUAL/PI;TERESINA / PI; 2
IBAMA - SUPERINTENDENCIA ESTADUAL/RJ;RIO DE JANEIRO / RJ; 2
IBAMA-SUPERINTENDENCIA ESTADUAL/MS;CAMPO GRANDE / MS; 2
IF BAIANO - CAMPUS BOM JESUS DA LAPA;BOM JESUS DA LAPA / BA; 2
IFES - CAMPUS ITAPINA;COLATINA / ES; 2
INCRA-SUPERINT. ESTADUAL DO ACRE/SR-14/AC;RIO BRANCO / AC; 2
INCRA-SUPERINT.ESTADUAL-INCRA/SR-01/PA;BELEM / PA; 2
INDUSTRIA DE MATERIAL BELICO DO BRASIL/FJF;JUIZ DE FORA / MG; 2
INMETRO_SUPERINTENDENCIA REGIONAL/GO;GOIANIA / GO; 2
INSP.REC.FEDERAL CL.ESP.EM P.ALEGRE/RS;PORTO ALEGRE / RS; 2
INST FED.DE PERNAMBUCO/CAMPUS IPOJUCA;IPOJUCA / PE; 2
INST FED.DE PERNAMBUCO/CAMPUS VITORIA S.ANTAO;VITORIA DE SANTO ANTAO / PE; 2
INST FED.DO PARA/CAMPUS ABAETETUBA - PA;ABAETETUBA / PA; 2
INST.F.ED.,CIENC.E TEC.DO NORT MG/C.ARINOS;ARINOS / MG; 2
INST.FED DE ALAGOAS/CAMPOS MARECHAL DEODORO;MARECHAL DEODORO / AL; 2
INST.FED.AMAZ./CAMPUS S.GABRIEL DA CACHOEIRA;SAO GABRIEL DA CACHOEIRA / AM; 2
INST.FED.CATARINENSE/CAMPUS RIO DO SUL;RIO DO SUL / SC; 2
INST.FED.DE ED., CIENC.E TEC.DE SÃO PAULO;SAO ROQUE / SP; 2
INST.FED.DE EDUC., CIENC. E TEC. CATARINENSE;BLUMENAU / SC; 2
INST.FED.DE EDUC., CIENC. E TEC.DO CEARÁ;FORTALEZA / CE; 2
INST.FED.DE EDUC.,CIENC. E TEC.DO TOCANTINS;PALMAS / TO; 2
INST.FED.DE EDUC.,CIENC.E TEC DO MAT.G.DO SUL;CAMPO GRANDE / MS; 2
INST.FED.DE EDUC.,CIENC.E TEC.FLUM.C.C.GUARUS;CAMPOS DOS GOITACAZES / RJ; 2
INST.FED.DE EDUC.,CIENCIA E TECNOLOGIA DE MG;BELO HORIZONTE / MG; 2
INST.FED.DE EDUC.CIêNC.TEC.DE RORAIMA/AMAJARI;AMAJARI / RR; 2
INST.FED.DE EDUC.TEC BAHIA/CAMPUS EUNÁPOLIS;EUNAPOLIS / BA; 2
INST.FED.DE EDUC.TEC BAHIA/CAMPUS V.CONQUISTA;VITORIA DA CONQUISTA / BA; 2
INST.FED.DE MATO GROSSO/CAMPUS CáCERES MT;CACERES / MT; 2
INST.FED.DE MATO GROSSO/CAMPUS SãO VICENTE;CUIABA / MT; 2
INST.FED.DO CEARA/CAMPUS JUAZEIRO DO NORTE;JUAZEIRO DO NORTE / CE; 2
INST.FED.DO CEARA/CAMPUS MARACANAU;MARACANAU / CE; 2
INST.FED.DO R.G.DO NORTE/CAMPUS NATAL CENTRAL;NATAL / RN; 2
INST.FED.DO RIO GRANDE DO SUL/CAMPUS SERTÃO;SERTAO / RS; 2
INST.FED.DO RS/CAMPUS CANOAS;CANOAS / RS; 2
INST.FED.PARÁ/CAMPUS MARABÁ;MARABA / PA; 2
INST.FED.SUL R.GRANDENSE;PELOTAS / RS; 2
INST.FED.SUL-RIO-GRANDENSE/CAMPUS BAGE;BAGE / RS; 2
INSTITUTO DE CIENCIAS BIOLOGICAS/UFMG;BELO HORIZONTE / MG; 2
INSTITUTO DE CIENCIAS EXATAS/UFMG;BELO HORIZONTE / MG; 2
INSTITUTO DE PESQUISAS JARDIM BOTÂNICO DO RJ;RIO DE JANEIRO / RJ; 2
IPHAN - 7A. COORDENACAO REGIONAL EM SALVADOR;SALVADOR / BA; 2
IPHAN- 6A. COORDENACAO REGIONAL/RJ;RIO DE JANEIRO / RJ; 2
IPHAN-IPBC-12.COORD.REGIONAL/RS;PORTO ALEGRE / RS; 2
JUSTICA FEDERAL DE 1A. INSTANCIA - MA;SAO LUIS / MA; 2
JUSTICA FEDERAL DE 1A. INSTANCIA - PE;RECIFE / PE; 2
JUSTICA FEDERAL DE 1A. INSTANCIA/GO;GOIANIA / GO; 2
LABORATÓRIO NACIONAL AGROPECUÁRRIO/MG;PEDRO LEOPOLDO / MG; 2
MEC-FUCAPES-FUND.COORD.DE AP.NIV.SUPERIOR/DF;BRASILIA / DF; 2
MEC-UFRJ-UNIVERSID.FED.DO RIO DE JANEIRO/RJ;RIO DE JANEIRO / RJ; 2
MEC-UNIRIO-FUND.UNIVERS.DO RIO DE JANEIRO/RJ;RIO DE JANEIRO / RJ; 2
MEC-UNIVERSIDADE FEDERAL/SE;SAO CRISTOVAO / SE; 2
MF-ALFANDEGA C.L.DO PORTO RIO DE JANEIR/RJ;RIO DE JANEIRO / RJ; 2
MF-DELEGACIA DA RFB NO RIO DE JANEIRO I;RIO DE JANEIRO / RJ; 2
MINISTÉRIO PÚBLICO DO ESTADO DE RONDÔNIA;PORTO VELHO / RO; 2
MINISTÉRIO PÚBLICO DO ESTADO DO PARÁ;BELEM / PA; 2
MMA-IBAMA-SUPERINTENDENCIA ESTADUAL/RO;PORTO VELHO / RO; 2
PARQUE DE MAT. DE ELETRON.DA AERONAUTICA/RJ;RIO DE JANEIRO / RJ; 2
PREFEITURA DA ESTANCIA HIDROMINERAL DE POA;POA / SP; 2
PROCURAD.REGIONAL DO TRABALHO-18ª REGIÃO/GO;GOIANIA / GO; 2
PROCURADORA-GERAL DE JUSIÇA AD.EST. DO RN;NATAL / RN; 2
PROCURADORIA DA REPUBLICA - CE;FORTALEZA / CE; 2
PROCURADORIA DA REPUBLICA - DF;BRASILIA / DF; 2
PROCURADORIA DA REPUBLICA/ES;VITORIA / ES; 2
PROCURADORIA REG. DO TRABALHO 21A.REGIAO/RN;NATAL / RN; 2
PROCURADORIA REG.DO TRABALHO 12A. REGIAO- SC;FLORIANOPOLIS / SC; 2
PROCURADORIA REGIONAL DA REPUBLICA-5A.REGIAO;RECIFE / PE; 2
PROCURADORIA REGIONAL DO TRABALHO 20A.REGIAO;ARACAJU / SE; 2
REGIONAL DE PROD. E COMERCIALIZAÇÃO DO ACRE;RIO BRANCO / AC; 2
REGIONAL DE TRANSMISSÃO DO MATO GROSSO;CUIABA / MT; 2
REGIONAL DE TRANSMISSÃO DO PARÁ;BELEM / PA; 2
SAE-CNEN/CENTRO DESENV.TECNOLOGIA NUCLEAR/MG;BELO HORIZONTE / MG; 2
SECRETARIA DA EDUCAÇÃO DO ESTADO DO TOCANTINS;PALMAS / TO; 2
SECRETARIA DE ESTADO DE MEIO AMBIENTE;BELEM / PA; 2
SECRETARIA DO CONSELHO DA JUSTICA FEDERAL-DF;BRASILIA / DF; 2
SECRETARIA GERAL DO EXERCITO/MEX/DF;BRASILIA / DF; 2
SECRETARIA MUNICIPAL DE SAÚDE;MANAUS / AM; 2
SERVICO FLORESTAL BRASILEIRO;BRASILIA / DF; 2
STJ _ SUPERIOR TRIBUNAL DE JUSTICA/DF;BRASILIA / DF; 2
STM _ SUPERIOR TRIBUNAL MILITAR/DF;BRASILIA / DF; 2
SUBSECRETARIA DE ASSUNTOS ADMINISTRATIVOS;BRASILIA / DF; 2
SUP. REG. DO DNIT NO ESTADO DO PARANA;CURITIBA / PR; 2
SUP. REG. DO DNIT NOS ESTADOS DO AM E RR;MANAUS / AM; 2
SUPERINT.ESTADUAL DE PERNAMBUCO-INCRA/SR-03;RECIFE / PE; 2
SUPERINT.FEDERAL DE ACRIC.PECUARIA E ABASTEC.;PORTO ALEGRE / RS; 2
SUPERINT.FEDERAL DE AGRIC.PECUARIA E ABASTEC.;CAMPO GRANDE / MS; 2
SUPERINT.FEDERAL DE AGRIC.PECUARIA E ABASTEC.;CURITIBA / PR; 2
SUPERINT.FEDERAL DE AGRIC.PECUARIA E ABASTEC.;GOIANIA / GO; 2
SUPERINT.FEDERAL DE AGRIC.PECUARIA E ABASTEC.;NATAL / RN; 2
SUPERINT.FEDERAL DE AGRIC.PECUARIA E ABASTEC.;SAO LUIS / MA; 2
SUPERINT.FEDERAL DE AGRIC.PECUARIA E ABASTEC.;VARZEA GRANDE / MT; 2
SUPERINTEND.ESTADUAL DO R.G.NORTE-INCRA/SR-19;NATAL / RN; 2
SUPERINTENDÊNCIA DE ADMINISTRAÇÃO DO MF - RN;NATAL / RN; 2
SUPERINTENDÊNCIA DE ADMINISTRAÇÃO DO MF/AL;MACEIO / AL; 2
SUPERINTENDÊNCIA DE GERAÇÃO HIDRÁULICA - OGH;TUCURUI / PA; 2
SUPERINTENDENCIA ESTADUAL - 16-SR/MS;CAMPO GRANDE / MS; 2
SUPERINTENDENCIA REG. POL. RODV. FEDERAL-RN;NATAL / RN; 2
SUPERINTENDENCIA REG.DEP.POLICIA FEDERAL - AC;RIO BRANCO / AC; 2
SUPERINTENDENCIA REG.DEP.POLICIA FEDERAL - RO;PORTO VELHO / RO; 2
SUPERINTENDENCIA REG.DEP.POLICIA FEDERAL - TO;PALMAS / TO; 2
SUPERINTENDENCIA REG.DEP.POLICIA FEDERAL- PE;RECIFE / PE; 2
SUPERINTENDENCIA REGIONAL DE SANTAREM-SR;SANTAREM / PA; 2
SUPERINTENDENCIA REGIONAL DO ESTADO DO PARANÁ;CURITIBA / PR; 2
SUPERINTENDêNCIA REGIONAL NO ESTADO DO PARA;BELEM / PA; 2
TRE-TRIBUNAL REGIONAL ELEITORAL DA PARAIBA/PB;JOAO PESSOA / PB; 2
TRE-TRIBUNAL REGIONAL ELEITORAL/MG;BELO HORIZONTE / MG; 2
TRIBUNAL DE JUSTIÇA DO ESTADO DO ACRE;RIO BRANCO / AC; 2
TRIBUNAL REGIONAL DO TRABALHO DA 10A.REGIAO;BRASILIA / DF; 2
TRIBUNAL REGIONAL DO TRABALHO DA 11A.REGIAO;MANAUS / AM; 2
TRIBUNAL REGIONAL DO TRABALHO DA 16. REGIAO;SAO LUIS / MA; 2
TRIBUNAL REGIONAL DO TRABALHO DA 19A. REGIAO;MACEIO / AL; 2
TRIBUNAL REGIONAL DO TRABALHO DA 9A.REGIAO;CURITIBA / PR; 2
TRIBUNAL REGIONAL DO TRABALHO-24.REG./MS;CAMPO GRANDE / MS; 2
TRIBUNAL REGIONAL ELEITORAL DE MATO G.DO SUL;CAMPO GRANDE / MS; 2
TRIBUNAL REGIONAL ELEITORAL DE SAO PAULO;SAO PAULO / SP; 2
TRIBUNAL REGIONAL ELEITORAL DO ACRE;RIO BRANCO / AC; 2
TRIBUNAL REGIONAL ELEITORAL DO MARANHAO;SAO LUIS / MA; 2
TRIBUNAL REGIONAL ELEITORAL DO PARANA;CURITIBA / PR; 2
TSE _ TRIBUNAL SUPERIOR ELEITORAL/SEC.ADM/DF;BRASILIA / DF; 2
UNIVERSIDADE ESTADUAL DO OESTE DO PARANA;FOZ DO IGUACU / PR; 2
UNIVERSIDADE FED. DA INTEGR. LATINO-AMERICANA;FOZ DO IGUACU / PR; 2
UNIVERSIDADE FED.DE ITAJUBÁ/CAMPUS ITABIRA;ITABIRA / MG; 2
UNIVERSIDADE FEDERAL DO SUL E SUDESTE DO PARÁ;MARABA / PA; 2
UNIVERSIDADE TECNOLOGICA FEDERAL DO PARANA;FRANCISCO BELTRAO / PR; 2
UNIVERSIDADE TECNOLOGICA FEDERAL DO PARANA;LONDRINA / PR; 2
UTFPR - CAMPUS CURITIBA;CURITIBA / PR; 2
UTFPR - CAMPUS SUDOESTE DOIS VIZINHOS;DOIS VIZINHOS / PR; 2
0042-HOSPITAL DE AERONAUTICA DOS AFONSOS/RJ;RIO DE JANEIRO / RJ; 1
10A. COMPANHIA DE ENGENHARIA DE COMBATE;SAO BENTO DO UNA / PE; 1
11. DEPOSITO DE SUPRIMENTOS-MEX/DF;BRASILIA / DF; 1
13 BATALHAO DE INFANTARIA BLINDADO;PONTA GROSSA / PR; 1
13 REGIMENTO DE CAVALARIA MECANIZADO;PIRASSUNUNGA / SP; 1
15 GRUPO DE ARTILHARIA DE CAMP.AUTOPROPULSADO;LAPA / PR; 1
15ª BRIGADA DE INFANTARIA MECANIZADA;CASCAVEL / PR; 1
17 GRUPO DE ARTILHARIA DE CAMPANHA;NATAL / RN; 1
17. BATALHAO DE FRONTEIRA-MEX;CORUMBA / MS; 1
19 BATALHAO DE CACADORES;SALVADOR / BA; 1
1A. BRIGADA DE INFANTARIA DE SELVA/RR;BOA VISTA / RR; 1
1A.COMISSAO BRASILEIRA DEMARCADORA DE LIMITES;BELEM / PA; 1
2 BATALHAO DE ENGENHARIA DE COMBATE;PINDAMONHANGABA / SP; 1
20 CIRCUNSCRICAO DE SERVICO MILITAR/AL;MACEIO / AL; 1
22 GRUPO DE ARTILHARIA DE CAMPANHA/RS;URUGUAIANA / RS; 1
25 GRUPO DE ARTILHARIA DE CAMPANHA/RS;BAGE / RS; 1
3 COMPANHIA DE ENGENHARIA DE COMB.MECAN./RS;DOM PEDRITO / RS; 1
30 BATALHAO DE INFANTARIA MECANIZADO;APUCARANA / PR; 1
34 BATALHAO DE INFANTARIA MECANIZADO;FOZ DO IGUACU / PR; 1
4 REGIMENTO DE CAVALARIA BLINDADO/RS;SAO LUIZ GONZAGA / RS; 1
40 BATALHAO DE INFANTARIA/MEX - CE;CRATEUS / CE; 1
50 BATALHAO DE INFANTARIA DE SELVA/MA;IMPERATRIZ / MA; 1
6 REGIMENTO DE CAVALARIA BLINDADO/RS;ALEGRETE / RS; 1
61. BATALHAO DE INFANTARIA DE SELVA-MEX/AC;CRUZEIRO DO SUL / AC; 1
72 BATALHAO DE INFANTARIA MOTORIZADO;PETROLINA / PE; 1
9 BATALHAO DE ENGENHARIA DE CONSTRUCAO-MEX/MT;CUIABA / MT; 1
AÇÃO SOCIAL INTEGRADA AO PALÁCIO DO GOVERNO;BELEM / PA; 1
AGENCIA NACIONAL DO CINEMA - PR;RIO DE JANEIRO / RJ; 1
AGENCIA TOCANTINENSE DE SANEAMENTO;PALMAS / TO; 1
ALFANDEGA PORTO DE FORTALEZA;FORTALEZA / CE; 1
AMAZONAS DISTRIBUIDORA DE ENERGIA S/A;MANAUS / AM; 1
AMAZONAS GERAÇÃO E TRANSMISSÃO DE ENERGIA S.A;MANAUS / AM; 1
AUTORIDADE PUBLICA OLIMPICA;RIO DE JANEIRO / RJ; 1
BANCO CENTRAL DO BRASIL-SãO PAULO;SAO PAULO / SP; 1
BASE AEREA DE BELEM;BELEM / PA; 1
BASE DE FUZILEIROS NAVAIS DA ILHA DAS FLORES;SAO GONCALO / RJ; 1
BASE DE HIDROGRAFIA DA MARINHA EM NITEROI;NITEROI / RJ; 1
CAMARA MUNICIPAL DE DE BELO HORIZONTE;BELO HORIZONTE / MG; 1
CAMARA MUNICIPAL DE JI-PARANA;JI-PARANA / RO; 1
CAMARA MUNICIPAL DE UBERLÂNDIA - MG;UBERLANDIA / MG; 1
CENTRAL DE ENS.DES.AGRAR.DE FLORESTAL/UFV;FLORESTAL / MG; 1
CENTRO DE CIêNCIA HUMANAS, SOCIAIS E AGRáRIAS;BANANEIRAS / PB; 1
CENTRO DE INSTRUCAO ALMIRANTE ALEXANDRINO;RIO DE JANEIRO / RJ; 1
CENTRO DE INTENDENCIA DA MARINHA EM SALVADOR;SALVADOR / BA; 1
CENTRO DE PERÍCIAS CIENTÍFICAS´RENATO CHAVES´;BELEM / PA; 1
CENTRO DE TECNOLOGIAS ESTRATÉGICAS DO NORDEST;RECIFE / PE; 1
CENTRO TECNOLÓGICO DA MARINHA EM SAO PAULO;SAO PAULO / SP; 1
CIA DE DESENV. DO VALE DO SAO FRANCISCO-SE;ARACAJU / SE; 1
CMDO DA 1 BRIG.DE ARTILHARIA ANTI-AEREA;GUARUJA / SP; 1
COMANDO DE FRONTEIRA(3. BIS)-MEX/AP;MACAPA / AP; 1
COMANDO LOGISTICO;BRASILIA / DF; 1
COMISSÃO MUNICIPAL DE LICITAÇÃO;MANAUS / AM; 1
COMPANHIA NACIONAL DE ABASTECIMENTO CONAB;BRASILIA / DF; 1
CONAB - SEDE SUREG - RN;NATAL / RN; 1
CONS. REG. DE CORRET. DE IMOVEIS 2.REGIAO SP;SAO PAULO / SP; 1
CONSELHO FED.DE ENGENHARIA E AGRONOMIA;BRASILIA / DF; 1
CONSELHO REG. DE ENG. AGRONOMIA DE MG;BELO HORIZONTE / MG; 1
CONSELHO REG. DE FARMACIA DO PARANA;CURITIBA / PR; 1
CONSELHO REG.DE ENGENHARIA E AGRONOMIA DO PR;CURITIBA / PR; 1
CONSELHO REGIONAL DE ADMINISTRACAO DO RJ;RIO DE JANEIRO / RJ; 1
CONSELHO REGIONAL DE ENGENHARIA  E AGRONOMIA;FLORIANOPOLIS / SC; 1
CONSELHO REGIONAL DE MEDICINA DO D.FEDERAL;BRASILIA / DF; 1
COORD DE VIG SANIT DE PORT AEROP E FRONT PE;RECIFE / PE; 1
COORD DE VIG.SANIT.DE PORTOS AERP.;CAMPO GRANDE / MS; 1
COORD. PORTOS AEROPORTOS E FRONTEIRAS - RN;NATAL / RN; 1
COORD. VIG. SANIT. PORTOS, AEROP. E FRONT./SC;FLORIANOPOLIS / SC; 1
COORD.DE VIG.SANIT.DE PORTOS AEROP.FRONT.PA;BELEM / PA; 1
COORD.DE VIG.SANIT.DE PORTOS,AEROP.E FRONT..;BOA VISTA / RR; 1
COORD.REGIONAL RIBEIRÃO CASCALHEIRA/MT;RIBEIRAO CASCALHEIRA / MT; 1
COORDENACAO DE ADMINISTRACAO-COAD;BRASILIA / DF; 1
COORDENACAO GERAL DE LICITACOES E CONTRATOS;BRASILIA / DF; 1
COORDENAÇÃO REGIONAL DE GUAJARÁ MIRIM/RO;GUAJARA-MIRIM / RO; 1
COORDENAÇÃO REGIONAL LITORAL SUL - SC;SAO JOSE / SC; 1
COORDENAÇÃO REGIONAL MADEIRA - AM;HUMAITA / AM; 1
COORDENACAO REGIONAL NORDESTE II;FORTALEZA / CE; 1
COORDENAÇÃO REGIONAL XINGÚ - MT;CANARANA / MT; 1
DEFENSORIA PÚBLICA /PA;BELEM / PA; 1
DEFENSORIA PUBLICA DA UNIAO;BRASILIA / DF; 1
DEFENSORIA PUBLICA DA UNIAO - DF;BRASILIA / DF; 1
DEFENSORIA PÚBLICA DO DISTRITO FEDERAL;BRASILIA / DF; 1
DEFENSORIA PUBLICA DO ESTADO DO AMAZONAS/AM;MANAUS / AM; 1
DEL CAP PORTOS RGS EM PORTO ALEGRE/RS;PORTO ALEGRE / RS; 1
DELEG. REG. DO TRABALHO - CE;FORTALEZA / CE; 1
DELEG.DA REC.FEDERAL DE JULGAMENTO-CURIT./PR;CURITIBA / PR; 1
DELEG.DA REC.FEDERAL DE JULGAMENTO-P.ALEG./RS;PORTO ALEGRE / RS; 1
DELEG.REG. DO TRAB/ALAGOAS;MACEIO / AL; 1
DELEG.REG. DO TRAB/AMAZONAS;MANAUS / AM; 1
DELEG.REG. DO TRAB/GOIAS;GOIANIA / GO; 1
DELEGACIA DA REC.FEDERAL - JUAZ.NORTE/CE;JUAZEIRO DO NORTE / CE; 1
DELEGACIA DA REC.FEDERAL EM B.HORIZONTE/MG;BELO HORIZONTE / MG; 1
DELEGACIA DA REC.FEDERAL EM CARUARU/PE;CARUARU / PE; 1
DELEGACIA DA REC.FEDERAL EM CONTAGEM/MG;CONTAGEM / MG; 1
DELEGACIA DA REC.FEDERAL EM CURITIBA/PR;CURITIBA / PR; 1
DELEGACIA DA REC.FEDERAL EM IMPERATRIZ/MA;IMPERATRIZ / MA; 1
DELEGACIA DA REC.FEDERAL EM JOINVILLE-SC;JOINVILLE / SC; 1
DELEGACIA DA REC.FEDERAL EM LONDRINA/PR;LONDRINA / PR; 1
DELEGACIA DA REC.FEDERAL EM N.HANBURGO/RS;NOVO HAMBURGO / RS; 1
DELEGACIA DA REC.FEDERAL EM SANTO ANDRE/SP;SANTO ANDRE / SP; 1
DELEGACIA DA REC.FEDERAL EM SANTOS/SP;SANTOS / SP; 1
DELEGACIA DA REC.FEDERAL EM UBERABA/MG;UBERABA / MG; 1
DELEGACIA DA RECEITA FEDERAL EM FLORIANO;FLORIANO / PI; 1
DELEGACIA DA RECEITA FEDERAL EM NITEROI/RJ;NITEROI / RJ; 1
DELEGACIA REGIONAL DO TRABALHO/PB;JOAO PESSOA / PB; 1
DEPARTAMENTO DE EDUCACAO E CULTURA EXERCITO;RIO DE JANEIRO / RJ; 1
DEPARTAMENTO DE ENGENHARIA E CONSTRUÇÃO;BRASILIA / DF; 1
DIRETORIA DE ADMINISTRAÇÃO E GESTÃO - FUNAI;BRASILIA / DF; 1
DISTRITO SANIT.ESP.INDÍGENA - ALTO RIO JURUA;CRUZEIRO DO SUL / AC; 1
DISTRITO SANIT.ESP.INDÍGENA - YANOMAMI;BOA VISTA / RR; 1
DISTRITO SANIT.ESP.INDÍGENA POTIGUARA;JOAO PESSOA / PB; 1
DISTRITO SANITÁRIO ESP.INDIGENA - MEDIO PURUS;LABREA / AM; 1
DIVISãO DE CENTRO DE SERV COMPRATILHADOS BSB;BRASILIA / DF; 1
DNOCS/CEST-CE;FORTALEZA / CE; 1
ECT - DIRETORIA REGIONAL DE BRASILIA;BRASILIA / DF; 1
EMBRAPA/CENARGEN/DF;BRASILIA / DF; 1
EMBRAPA/CNPAB;RIO DE JANEIRO / RJ; 1
EMBRAPA/CNPH;BRASILIA / DF; 1
EMBRAPA/CNPS;RIO DE JANEIRO / RJ; 1
EMBRAPA/CNPTIA;CAMPINAS / SP; 1
EMBRAPA/CPAC/DF;BRASILIA / DF; 1
EMBRAPA/UEP/RECIFE;RECIFE / PE; 1
EMPRESA DE ASSITENCIA TECNICA E EXT. RURAL;BRASILIA / DF; 1
ESCOLA AGROTECNICA FEDERAL DE CASTANHAL;CASTANHAL / PA; 1
ESCOLA DE GOVERNO DO ESTADO DO PARÁ;BELEM / PA; 1
ESCOLA PREPARATORIA DE CADETES DO EXERCITO;CAMPINAS / SP; 1
ESCOLA SUPERIOR DO MINIST. PUBLICO DA UNIAO;BRASILIA / DF; 1
ESCRITORIO DE REPRES. DO MINIST. DA SAUDE/SC;FLORIANOPOLIS / SC; 1
FACULDADE DE MEDICINA/UFMG;BELO HORIZONTE / MG; 1
FUND. UNIVERSIDADE FEDERAL VALE SAO FRANCISCO;PETROLINA / PE; 1
FUND.DE APOIO E DESENV.AO ENS., PESQ. E EXT.;JUIZ DE FORA / MG; 1
FUNDACAO BIBLIOTECA NACIONAL;RIO DE JANEIRO / RJ; 1
FUNDACAO CASA DE RUI BARBOSA/RJ;RIO DE JANEIRO / RJ; 1
FUNDAÇÃO CULTURAL DO ESTADO DO PARÁ;BELEM / PA; 1
FUNDACAO DE APOIO A PESQUISA_DO GDF;BRASILIA / DF; 1
FUNDACAO NACIONAL DE SAUDE - BA;SALVADOR / BA; 1
FUNDACAO NACIONAL DE SAUDE/RO;PORTO VELHO / RO; 1
FUNDACAO THEATRO MUNICIPAL DE SAO PAULO;SAO PAULO / SP; 1
FUNDAÇÃO UNIV. FEDERAL DE SÃO JOÃO DEL-REI;SAO JOAO DEL REI / MG; 1
FUNDACAO UNIVERSIDADE DO MARANHAO;SAO LUIS / MA; 1
GERÊNCIA EXECUTIVA  CAMPOS DOS GOYTACAZES/RJ;CAMPOS DOS GOITACAZES / RJ; 1
GERÊNCIA EXECUTIVA ARACAJU/SE;ARACAJU / SE; 1
GERÊNCIA EXECUTIVA BARREIRAS/BA;BARREIRAS / BA; 1
GERÊNCIA EXECUTIVA BELÉM/PA;BELEM / PA; 1
GERÊNCIA EXECUTIVA BLUMENAU/SC;BLUMENAU / SC; 1
GERÊNCIA EXECUTIVA BOA VISTA/RR;BOA VISTA / RR; 1
GERÊNCIA EXECUTIVA CAMPINA GRANDE/PB;CAMPINA GRANDE / PB; 1
GERÊNCIA EXECUTIVA CANOAS/RS;CANOAS / RS; 1
GERÊNCIA EXECUTIVA DIVINÓPOLIS/MG;DIVINOPOLIS / MG; 1
GERÊNCIA EXECUTIVA DO INSS;SAO PAULO / SP; 1
GERÊNCIA EXECUTIVA DO INSS EM MACEIÓ/AL;MACEIO / AL; 1
GERÊNCIA EXECUTIVA FEIRA DE SANTANA/BA;FEIRA DE SANTANA / BA; 1
GERÊNCIA EXECUTIVA GUARULHOS/SP;GUARULHOS / SP; 1
GERÊNCIA EXECUTIVA IJUÍ/RS;IJUI / RS; 1
GERÊNCIA EXECUTIVA JOÃO PESSOA/PB;JOAO PESSOA / PB; 1
GERÊNCIA EXECUTIVA JUAZEIRO/BA;JUAZEIRO / BA; 1
GERÊNCIA EXECUTIVA MANAUS/AM;MANAUS / AM; 1
GERÊNCIA EXECUTIVA NATAL/RN;NATAL / RN; 1
GERÊNCIA EXECUTIVA NOVO HAMBURGO/RS;NOVO HAMBURGO / RS; 1
GERÊNCIA EXECUTIVA PELOTAS/RS;PELOTAS / RS; 1
GERÊNCIA EXECUTIVA PETRÓPOLIS/RJ;PETROPOLIS / RJ; 1
GERÊNCIA EXECUTIVA PIRACICABA/SP;PIRACICABA / SP; 1
GERÊNCIA EXECUTIVA POÇOS DE CALDAS/MG;POCOS DE CALDAS / MG; 1
GERÊNCIA EXECUTIVA RECIFE/PE-INSS;RECIFE / PE; 1
GERÊNCIA EXECUTIVA RIO BRANCO/AC;RIO BRANCO / AC; 1
GERÊNCIA EXECUTIVA SALVADOR/BA;SALVADOR / BA; 1
GERÊNCIA EXECUTIVA SANTOS/SP;SANTOS / SP; 1
GERÊNCIA EXECUTIVA SÃO LUÍS/MA;SAO LUIS / MA; 1
GERENCIA EXECUTIVA SÃO PAULO - LESTE/SP;SAO PAULO / SP; 1
GERÊNCIA EXECUTIVA TERESINA/PI;TERESINA / PI; 1
GERÊNCIA EXECUTIVA UBERLÂNDIA/MG;UBERLANDIA / MG; 1
GERÊNCIA REGIONAL EM BRASÍLIA;BRASILIA / DF; 1
GOVERNO DO ESTADO DE RORAIMA;BOA VISTA / RR; 1
GRUPAMENTO DE APOIO DE SÃO JOSÉ DOS CAMPOS;SAO JOSE DOS CAMPOS / SP; 1
HOSPITAL DE GUARNICAO DE JOAO PESSOA;JOAO PESSOA / PB; 1
HOSPITAL OPHIR LOYOLA;BELEM / PA; 1
HOSPITAL REGIONAL DR. ABELARDO SANTOS;BELEM / PA; 1
HOSPITAL UNIVERSITARIO DA UFRJ;RIO DE JANEIRO / RJ; 1
HOSPITAL UNIVERSITÁRIO DE BRASÍLIA;BRASILIA / DF; 1
IBAMA - SUPERINTENDENCIA ESTADUAL/AC;RIO BRANCO / AC; 1
IBAMA - SUPERINTENDENCIA ESTADUAL/AP;MACAPA / AP; 1
IBAMA - SUPERINTENDENCIA ESTADUAL/BA;SALVADOR / BA; 1
IBAMA - SUPERINTENDENCIA ESTADUAL/CE;FORTALEZA / CE; 1
IBAMA - SUPERINTENDENCIA ESTADUAL/MG;BELO HORIZONTE / MG; 1
IBAMA - SUPERINTENDENCIA ESTADUAL/PR;CURITIBA / PR; 1
IBAMA - SUPERINTENDENCIA ESTADUAL/SC;FLORIANOPOLIS / SC; 1
IBAMA-SUPERINTENDENCIA ESTADUAL/RS;PORTO ALEGRE / RS; 1
IF BAIANO - CAMPUS TEIXEIRA DE FREITAS;TEIXEIRA DE FREITAS / BA; 1
INCRA-SUPERINTENDENCIA REGIONAL - SR-15/AM;MANAUS / AM; 1
INDUSTRIA DE MATERIAL BELICO DO BRASIL/FI;ITAJUBA / MG; 1
INSPETORIA DA RECEITA FED. EM FLORIANOPOLIS;FLORIANOPOLIS / SC; 1
INSPETORIA DA RECEITA FEDERAL EM B.H/MG;BELO HORIZONTE / MG; 1
INST FED.DE EDUC. CIENC.E.TEC.FARROUPILHA;SANTA ROSA / RS; 1
INST FED.DE PERNAMBUCO/CAMPUS PESQUEIRA;PESQUEIRA / PE; 1
INST FED.EDUC.CIENC.TEC.RJ/CAMP. PARACAMBI;PARACAMBI / RJ; 1
INST FED.EDUC.CIENC.TEC.RJ/CAMPUS MARACANã;RIO DE JANEIRO / RJ; 1
INST FED.SERTãO PERNAMBUCANO/CAMPUS PETROLINA;PETROLINA / PE; 1
INST.DE ESTUDOS NO MAR ALTE.PAULO MOREIRA;ARRAIAL DO CABO / RJ; 1
INST.F.DE ED.,CIENC.E TEC.DE SE/C.S.CRISTOVÃO;SAO CRISTOVAO / SE; 1
INST.F.DE ED.,CIENC.E TEC.DO N/MG/C.ALMENARA;ALMENARA / MG; 1
INST.FED. DO SUDESTE DE MG/CAMPUS BARBACENA;BARBACENA / MG; 1
INST.FED.CATARINENSE/CAMPUS BRUSQUE;BRUSQUE / SC; 1
INST.FED.DE ED., CIENC.E TEC. DE SÃO PAULO;SALTO / SP; 1
INST.FED.DE ED.,CIENC.E TEC DO PIAUÍ;TERESINA / PI; 1
INST.FED.DE EDU.CIENC.TEC./CAMPUS LUZERNA;LUZERNA / SC; 1
INST.FED.DE EDUC.,CIENC. E TECNOLOGIA PIAUí;TERESINA / PI; 1
INST.FED.DE EDUC.,CIENC.E TEC.DA PARAIBA;JOAO PESSOA / PB; 1
INST.FED.DE EDUC.,CIENC.E TEC.DE GOIÁS;GOIANIA / GO; 1
INST.FED.DE EDUC.,CIENC.E TEC.DE SÃO PAULO;SAO PAULO / SP; 1
INST.FED.DE EDUC.,CIENC.E TEC.DE SERGIPE;ARACAJU / SE; 1
INST.FED.DE EDUC.,CIENC.E TEC.DO AMAPA;MACAPA / AP; 1
INST.FED.DE EDUC.,CIENC.E TEC.DO SUDESTE MG;JUIZ DE FORA / MG; 1
INST.FED.DE EDUC.,CIENC.E TEC.DO TRIA.MINEIRO;UBERABA / MG; 1
INST.FED.DE EDUC.CIENC.E TEC.DE RORAIMA;BOA VISTA / RR; 1
INST.FED.DE EDUC.TEC BAHIA/CAMPUS BARREIRAS;BARREIRAS / BA; 1
INST.FED.DE GOIÁS - CAMPUS CIDADE DE GOIÁS;GOIAS / GO; 1
INST.FED.DE MATO GROSSO/CAMPUS CUIABá - MT;CUIABA / MT; 1
INST.FED.DO CEARA/CAMPUS CEDRO;CEDRO / CE; 1
INST.FED.DO MARANHAO/CAMPUS MONTE CASTELO;SAO LUIS / MA; 1
INST.FED.DO MARANHAO/CAMPUS S.R.MAGANGEIRAS;SAO RAIMUNDO DAS MANGABEIRAS / MA; 1
INST.FED.DO R.G.DO NORTE/CAMPUS APODI;APODI / RN; 1
INST.FED.DO R.G.DO NORTE/CAMPUS PAU DOS FERRO;PAU DOS FERROS / RN; 1
INST.FED.DO RS/CAMPUS BENTO GONÇALVES;BENTO GONCALVES / RS; 1
INST.FED.DO RS/CAMPUS CAXIAS;CAXIAS DO SUL / RS; 1
INST.FED.FARROUPILHA/CAMPUS SÃO VICENTE;SAO VICENTE DO SUL / RS; 1
INST.FED.MATO GROSSO/CAMPUS NOVO PARECIS;CAMPO NOVO DO PARECIS / MT; 1
INST.FED.SUL R.GRANDENSE/CAMPUS CHARQUEADAS;CHARQUEADAS / RS; 1
INST.FED.SUL R.GRANDENSE/CAMPUS PASSO FUNDO;PASSO FUNDO / RS; 1
INST.FED.TRI.MIN.CAMPUS PATOS DE MINAS;PATOS DE MINAS / MG; 1
INST.FED.TRIANGULO MINEIRO/CAMPUS PARACATU;PARACATU / MG; 1
INST.FED.TRIANGULO MINEIRO/CAMPUS UBERABA;UBERABA / MG; 1
INST.FEDERAL DE BRASILIA/CAMPUS PLANALTINA;BRASILIA / DF; 1
INST.FEDERAL DE SÃO PAULO/CAMPUS AVARÉ;AVARE / SP; 1
INST.NAC. DE COLONIZACAO E REFORMA AGRARIA;SAO PAULO / SP; 1
INSTIT.NACIONAL DE PESQUISA DA AMAZONIA/MCT;MANAUS / AM; 1
INSTITUTO FED. DO CEARÁ/CAMPUS BATURITE;BATURITE / CE; 1
INSTITUTO FEDERAL BAIANO/CAMPUS VALENÇA;VALENCA / BA; 1
INSTITUTO FEDERAL DO AMAPÁ - CAMPUS MACAPÁ;MACAPA / AP; 1
INSTITUTO FEDERAL DO RN - CAMPUS NOVA CRUZ;NOVA CRUZ / RN; 1
INSTITUTO NACIONAL DO CANCER - RJ;RIO DE JANEIRO / RJ; 1
IPHAN - 20A. SUPERINTENDENCIA REGIONAL/PB;JOAO PESSOA / PB; 1
IPHAN 2A COORDENACAO REGIONAL - BELEM/PA;BELEM / PA; 1
IPHAN-INST. PATR. HIST. E ARTISTICO NACIONAL;BRASILIA / DF; 1
JMF/DIR. DO FORO - 2A. CJM;SAO PAULO / SP; 1
JUSTICA FEDERAL DE 1A. INSTANCIA/TO;PALMAS / TO; 1
LABORATORIO NACIONAL AGROPECUARIO NO RS;PORTO ALEGRE / RS; 1
LABORATORIO NACIONAL DE ASTROFISICA - MG;ITAJUBA / MG; 1
MAER - BASE AEREA DE FLORIANOPOLIS - SC;FLORIANOPOLIS / SC; 1
MAER_PMALS_PQ.MAT.AERONAUTICO LAGOA SANTA/MG;LAGOA SANTA / MG; 1
MAER-BASE AEREA DE PORTO VELHO/RO;PORTO VELHO / RO; 1
MAER-BASE AEREA DOS AFONSOS/RJ;RIO DE JANEIRO / RJ; 1
MAER-DIRETORIA DE MATERIAL AERONAUTICO/RJ;RIO DE JANEIRO / RJ; 1
MAER-GAPBR-GRUPAMENTO DE APOIO DE BRASILIA/DF;BRASILIA / DF; 1
MAER-GR.IMP.CENT.DE LANCAM.DE ALCANTARA/MA;SAO LUIS / MA; 1
MAER-HOSPITAL DE FORCA AEREA DO GALEAO/RJ;RIO DE JANEIRO / RJ; 1
MAER-III COMANDO AEREO REGIONAL/RJ;RIO DE JANEIRO / RJ; 1
MEX-11.REGIMENTO DE CAVALARIA MECANIZADO/MS;PONTA PORA / MS; 1
MEX-9. BATALHAO DE ENGENHARIA DE COMBATE/MS;AQUIDAUANA / MS; 1
MEX-9.BATALHAO DE SUPRIMENTO/MS;CAMPO GRANDE / MS; 1
MF - DELEGACIA DA REC. FED. DE SETE LAGOAS/MG;SETE LAGOAS / MG; 1
MF-DELEGACIA DA REC FED.EM VOLTA REDONDA/RJ;VOLTA REDONDA / RJ; 1
MJ-DPF-DEPARTAMENTO DE POLICIA FEDERAL-DF;BRASILIA / DF; 1
MJ-DPF-SUPERINTENDENCIA REGIONAL/RS;PORTO ALEGRE / RS; 1
MJ-SR-DPF-SUPER.REG.DEP.POLICIA FEDERAL/DF;BRASILIA / DF; 1
MJ-SUPERINT.REG.DEP.POLICIA FEDERAL-RJ;RIO DE JANEIRO / RJ; 1
MS-ESCRITORIO DE REPRES.DO MIN. DA SAUDE/GO;GOIANIA / GO; 1
MS-FUNDACAO NACIONAL DE SAUDE/DF;BRASILIA / DF; 1
MUSEU DO ÍNDIO - RJ;RIO DE JANEIRO / RJ; 1
NUCLEO ESTADUAL DO MINISTERIO DA SAUDE/MG;BELO HORIZONTE / MG; 1
NUCLEO ESTADUAL NO RIO DE JANEIRO/MS;RIO DE JANEIRO / RJ; 1
OBSERVATORIO NACIONAL - RJ;RIO DE JANEIRO / RJ; 1
PMSP - SUBPREFEITURA SÃO MATEUS;SAO PAULO / SP; 1
PMSP-DIR. REG. EDUC. - SANTO AMARO;SAO PAULO / SP; 1
POLíCIA CIVIL DO DISTRITO FEDERAL;BRASILIA / DF; 1
POLíCIA MILITAR DO DISTRITO FEDERAL;BRASILIA / DF; 1
PREF.MUN.DE ARACAJU;ARACAJU / SE; 1
PREF.MUNICIPAL DO RIO GRANDE/RS;RIO GRANDE / RS; 1
PREFEITURA MUNICIPAL DE COLARES;COLARES / PA; 1
PREFEITURA MUNICIPAL DE MARABÁ;MARABA / PA; 1
PREFEITURA MUNICIPAL DE MESQUITA;MESQUITA / RJ; 1
PREFEITURA REGIONAL CAMPO LIMPO;SAO PAULO / SP; 1
PRÓ-REITORIA DE PESQ.PÓS-GRADUAÇÃO E INOVAÇÃO;NITEROI / RJ; 1
PROCURADORIA DA REPUBLICA - PA;BELEM / PA; 1
PROCURADORIA DA REPUBLICA - PB;JOAO PESSOA / PB; 1
PROCURADORIA DA REPUBLICA - RS;PORTO ALEGRE / RS; 1
PROCURADORIA DA REPUBLICA - SC;FLORIANOPOLIS / SC; 1
PROCURADORIA DA REPUBLICA - SP;SAO PAULO / SP; 1
PROCURADORIA DA REPUBLICA/AM;MANAUS / AM; 1
PROCURADORIA DE REPUBLICA/MT;CUIABA / MT; 1
PROCURADORIA GERAL DE JUSTICA DA BAHIA;SALVADOR / BA; 1
PROCURADORIA GERAL DE JUSTIÇA DO ESTADO DE RR;BOA VISTA / RR; 1
PROCURADORIA REG.DO TRABALHO 1A. REGIAO - RJ;RIO DE JANEIRO / RJ; 1
PROCURADORIA REGIONAL DA REPUBLICA-4A.REG./RS;PORTO ALEGRE / RS; 1
PROCURADORIA REGIONAL DO TRABALHO 17A REG./ES;VITORIA / ES; 1
REGIONAL DE GERAÇÃO E TRANSMISSÃO DO AMAPÁ;MACAPA / AP; 1
REGIONAL DE PROD. E COMERCIAL. DE RONDÔNIA;PORTO VELHO / RO; 1
REGIONAL DE TRANSMISSÃO DE RORAIMA;BOA VISTA / RR; 1
REGIONAL DE TRANSMISSÃO DO TOCANTINS;MIRACEMA DO TOCANTINS / TO; 1
SEC. MUN. DE DIREITOS HUMANOS E CIDADANIA;SAO PAULO / SP; 1
SECR. DE EST. DE GESTÃO DO TER. E HABITAÇÃO;BRASILIA / DF; 1
SECRETARIA DE ADMINISTRACAO MIN. PUBLICO FED.;BRASILIA / DF; 1
SECRETARIA DE ESTADO DE FAZENDA DO DF;BRASILIA / DF; 1
SECRETARIA DE ESTADO DE SAÚDE - GDF;BRASILIA / DF; 1
SECRETARIA DE ESTADO DE SEGURANÇA PÚBLICA;BELEM / PA; 1
SECRETARIA MUNICIPAL DE EDUCACAO DE BELEM;BELEM / PA; 1
SERVICO REGIONAL DE PROTECAO AO VOO SAO PAULO;SAO PAULO / SP; 1
SERVIÇO SOCIAL DO COMÉRCIO - SESC MG;BELO HORIZONTE / MG; 1
SUBPREFEITURA CAPELA DO SOCORRO;SAO PAULO / SP; 1
SUP. REG. DO DNIT NO ESTADO DE MATO GROSSO;CUIABA / MT; 1
SUP. REG. DO DNIT NO ESTADO DO ESPIRITO SANTO;VITORIA / ES; 1
SUP. REGIONAL DO DNIT NO ESTADO DE PERNAMBUCO;RECIFE / PE; 1
SUPER. REGIONAL DE ALAGOAS-INCRA/SR-22;MACEIO / AL; 1
SUPERINT.FED.DA PESCA E AQUICULTURA/GO;GOIANIA / GO; 1
SUPERINT.FED.DA PESCA E AQUICULTURA/PB;CABEDELO / PB; 1
SUPERINT.FED.DA PESCA E AQUICULTURA/SE;ARACAJU / SE; 1
SUPERINT.FEDERAL DE AGRIC.PECUARIA E ABASTEC.;BELEM / PA; 1
SUPERINT.FEDERAL DE AGRIC.PECUARIA E ABASTEC.;BOA VISTA / RR; 1
SUPERINT.FEDERAL DE AGRIC.PECUARIA E ABASTEC.;SALVADOR / BA; 1
SUPERINT.REGIONAL DE P.FEDERAL NO EST.DE RR;BOA VISTA / RR; 1
SUPERINTEND.ESTAD.DE COMPRAS E LICITAÇÕES/RO;PORTO VELHO / RO; 1
SUPERINTEND.ESTADUAL DO AMAPA-INCRA/SR-21/AP;MACAPA / AP; 1
SUPERINTENDÊNCIA DE ADMINIATRAÇÃO DO MP;MACAPA / AP; 1
SUPERINTENDENCIA DE ADMINISTRACAO DO MP RR;BOA VISTA / RR; 1
SUPERINTENDENCIA DE ADMINISTRAÇAO DO MP_RO;PORTO VELHO / RO; 1
SUPERINTENDENCIA DE TRENS URBANOS DE NATAL;NATAL / RN; 1
SUPERINTENDÊNCIA DO DNPM-MA;SAO LUIS / MA; 1
SUPERINTENDENCIA ESTADUAL-IBAMA/MA;SAO LUIS / MA; 1
SUPERINTENDENCIA REG. POL. RODV. FEDERAL-AL;MACEIO / AL; 1
SUPERINTENDENCIA REG. POL. RODV. FEDERAL-AP;MACAPA / AP; 1
SUPERINTENDENCIA REG. POL. RODV. FEDERAL-DF;BRASILIA / DF; 1
SUPERINTENDENCIA REG. POL. RODV. FEDERAL-PB;JOAO PESSOA / PB; 1
SUPERINTENDENCIA REG. POL. RODV. FEDERAL-PR;CURITIBA / PR; 1
SUPERINTENDENCIA REG. POL. RODV. FEDERAL-RO;PORTO VELHO / RO; 1
SUPERINTENDENCIA REG. POL. RODV. FEDERAL-RS;PORTO ALEGRE / RS; 1
SUPERINTENDENCIA REG. POL. RODV. FEDERAL-TO;PALMAS / TO; 1
SUPERINTENDENCIA REG.DEP.POLICIA FEDERAL - AM;MANAUS / AM; 1
SUPERINTENDENCIA REG.DEP.POLICIA FEDERAL - DF;BRASILIA / DF; 1
SUPERINTENDENCIA REG.DEP.POLICIA FEDERAL - MG;BELO HORIZONTE / MG; 1
SUPERINTENDENCIA REG.DEP.POLICIA FEDERAL - MS;CAMPO GRANDE / MS; 1
SUPERINTENDENCIA REG.DEP.POLICIA FEDERAL - RJ;RIO DE JANEIRO / RJ; 1
SUPERINTENDENCIA REG.DEP.POLICIA FEDERAL- PB;CABEDELO / PB; 1
TRIBUNAL DE CONTAS DO EST.DO R.G. DO NORTE;NATAL / RN; 1
TRIBUNAL DE CONTAS DO ESTADO DO PARANÁ;CURITIBA / PR; 1
TRIBUNAL DE CONTAS DO MUNICIPIO DO RJ;RIO DE JANEIRO / RJ; 1
TRIBUNAL DE JUSTICA DO ESTADO DE MATO GROSSO;CUIABA / MT; 1
TRIBUNAL DE JUSTIÇA DO ESTADO DO AMAZONAS;MANAUS / AM; 1
TRIBUNAL REGIONAL ELEITORAL DE PERNAMBUCO;RECIFE / PE; 1
TRIBUNAL REGIONAL ELEITORAL DO ESPIRITO SANTO;VITORIA / ES; 1
TRIBUNAL REGIONAL ELEITORAL DO RIO DE JANEIRO;RIO DE JANEIRO / RJ; 1
UNIV.FED.DOS VALES DO JEQUITINHONHA E MUCURI;DIAMANTINA / MG; 1
UNIVERSIDADE ESTADUAL DE RORAIMA;BOA VISTA / RR; 1
UNIVERSIDADE ESTADUAL DO PARA;BELEM / PA; 1
UNIVERSIDADE FEDERAL DE ALFENAS;ALFENAS / MG; 1
UNIVERSIDADE FEDERAL DO OESTE DO PARÁ;SANTAREM / PA; 1
UNIVERSIDADE FEDERAL RURAL DA AMAZONIA;BELEM / PA; 1
